filename,resolution,bitdepth,format,number
SRC0001.yuv,640x480,8,yuv420p,1
SRC0002.yuv,640x480,8,yuv420p,1
SRC0003.yuv,640x480,8,yuv420p,1
SRC0004.yuv,640x480,8,yuv420p,1
SRC0005.yuv,640x480,8,yuv420p,1
SRC0006.yuv,640x480,8,yuv420p,1
SRC0007.yuv,640x480,8,yuv420p,1
SRC0008.yuv,640x480,8,yuv420p,1
SRC0009.yuv,640x480,8,yuv420p,1
SRC0010.yuv,640x480,8,yuv420p,1
SRC0011.yuv,640x480,8,yuv420p,1
SRC0012.yuv,640x480,8,yuv420p,1
SRC0013.yuv,640x480,8,yuv420p,1
SRC0014.yuv,640x480,8,yuv420p,1
SRC0015.yuv,640x480,8,yuv420p,1
SRC0016.yuv,640x480,8,yuv420p,1
SRC0017.yuv,640x480,8,yuv420p,1
SRC0018.yuv,640x480,8,yuv420p,1
SRC0019.yuv,640x480,8,yuv420p,1
SRC0020.yuv,640x480,8,yuv420p,1
SRC0021.yuv,640x480,8,yuv420p,1
SRC0022.yuv,640x480,8,yuv420p,1
SRC0023.yuv,640x480,8,yuv420p,1
SRC0024.yuv,640x480,8,yuv420p,1
SRC0025.yuv,640x480,8,yuv420p,1
SRC0026.yuv,640x480,8,yuv420p,1
SRC0027.yuv,640x480,8,yuv420p,1
SRC0028.yuv,640x480,8,yuv420p,1
SRC0029.yuv,640x480,8,yuv420p,1
SRC0030.yuv,640x480,8,yuv420p,1
SRC0031.yuv,640x480,8,yuv420p,1
SRC0032.yuv,640x480,8,yuv420p,1
SRC0033.yuv,640x480,8,yuv420p,1
SRC0034.yuv,640x480,8,yuv420p,1
SRC0035.yuv,640x480,8,yuv420p,1
SRC0036.yuv,640x480,8,yuv420p,1
SRC0037.yuv,640x480,8,yuv420p,1
SRC0038.yuv,640x480,8,yuv420p,1
SRC0039.yuv,640x480,8,yuv420p,1
SRC0040.yuv,640x480,8,yuv420p,1
SRC0041.yuv,640x480,8,yuv420p,1
SRC0042.yuv,640x480,8,yuv420p,1
SRC0043.yuv,640x480,8,yuv420p,1
SRC0044.yuv,640x480,8,yuv420p,1
SRC0045.yuv,640x480,8,yuv420p,1
SRC0046.yuv,640x480,8,yuv420p,1
SRC0047.yuv,640x480,8,yuv420p,1
SRC0048.yuv,640x480,8,yuv420p,1
SRC0049.yuv,640x480,8,yuv420p,1
SRC0050.yuv,640x480,8,yuv420p,1
SRC0051.yuv,640x480,8,yuv420p,1
SRC0052.yuv,640x480,8,yuv420p,1
SRC0053.yuv,640x480,8,yuv420p,1
SRC0054.yuv,640x480,8,yuv420p,1
SRC0055.yuv,640x480,8,yuv420p,1
SRC0056.yuv,640x480,8,yuv420p,1
SRC0057.yuv,640x480,8,yuv420p,1
SRC0058.yuv,640x480,8,yuv420p,1
SRC0059.yuv,640x480,8,yuv420p,1
SRC0060.yuv,640x480,8,yuv420p,1
SRC0061.yuv,640x480,8,yuv420p,1
SRC0062.yuv,640x480,8,yuv420p,1
SRC0063.yuv,640x480,8,yuv420p,1
SRC0064.yuv,640x480,8,yuv420p,1
SRC0065.yuv,640x480,8,yuv420p,1
SRC0066.yuv,640x480,8,yuv420p,1
SRC0067.yuv,640x480,8,yuv420p,1
SRC0068.yuv,640x480,8,yuv420p,1
SRC0069.yuv,640x480,8,yuv420p,1
SRC0070.yuv,640x480,8,yuv420p,1
SRC0071.yuv,640x480,8,yuv420p,1
SRC0072.yuv,640x480,8,yuv420p,1
SRC0073.yuv,640x480,8,yuv420p,1
SRC0074.yuv,640x480,8,yuv420p,1
SRC0075.yuv,640x480,8,yuv420p,1
SRC0076.yuv,640x480,8,yuv420p,1
SRC0077.yuv,640x480,8,yuv420p,1
SRC0078.yuv,640x480,8,yuv420p,1
SRC0079.yuv,640x480,8,yuv420p,1
SRC0080.yuv,640x480,8,yuv420p,1
SRC0081.yuv,640x480,8,yuv420p,1
SRC0082.yuv,640x480,8,yuv420p,1
SRC0083.yuv,640x480,8,yuv420p,1
SRC0084.yuv,640x480,8,yuv420p,1
SRC0085.yuv,640x480,8,yuv420p,1
SRC0086.yuv,640x480,8,yuv420p,1
SRC0087.yuv,640x480,8,yuv420p,1
SRC0088.yuv,640x480,8,yuv420p,1
SRC0089.yuv,640x480,8,yuv420p,1
SRC0090.yuv,640x480,8,yuv420p,1
SRC0091.yuv,640x480,8,yuv420p,1
SRC0092.yuv,640x480,8,yuv420p,1
SRC0093.yuv,640x480,8,yuv420p,1
SRC0094.yuv,640x480,8,yuv420p,1
SRC0095.yuv,640x480,8,yuv420p,1
SRC0096.yuv,640x480,8,yuv420p,1
SRC0097.yuv,640x480,8,yuv420p,1
SRC0098.yuv,640x480,8,yuv420p,1
SRC0099.yuv,640x480,8,yuv420p,1
SRC0100.yuv,640x480,8,yuv420p,1
SRC0101.yuv,640x480,8,yuv420p,1
SRC0102.yuv,640x480,8,yuv420p,1
SRC0103.yuv,640x480,8,yuv420p,1
SRC0104.yuv,640x480,8,yuv420p,1
SRC0105.yuv,640x480,8,yuv420p,1
SRC0106.yuv,640x480,8,yuv420p,1
SRC0107.yuv,640x480,8,yuv420p,1
SRC0108.yuv,640x480,8,yuv420p,1
SRC0109.yuv,640x480,8,yuv420p,1
SRC0110.yuv,640x480,8,yuv420p,1
SRC0111.yuv,640x480,8,yuv420p,1
SRC0112.yuv,640x480,8,yuv420p,1
SRC0113.yuv,640x480,8,yuv420p,1
SRC0114.yuv,640x480,8,yuv420p,1
SRC0115.yuv,640x480,8,yuv420p,1
SRC0116.yuv,640x480,8,yuv420p,1
SRC0117.yuv,640x480,8,yuv420p,1
SRC0118.yuv,640x480,8,yuv420p,1
SRC0119.yuv,640x480,8,yuv420p,1
SRC0120.yuv,640x480,8,yuv420p,1
SRC0121.yuv,640x480,8,yuv420p,1
SRC0122.yuv,640x480,8,yuv420p,1
SRC0123.yuv,640x480,8,yuv420p,1
SRC0124.yuv,640x480,8,yuv420p,1
SRC0125.yuv,640x480,8,yuv420p,1
SRC0126.yuv,640x480,8,yuv420p,1
SRC0127.yuv,640x480,8,yuv420p,1
SRC0128.yuv,640x480,8,yuv420p,1
SRC0129.yuv,640x480,8,yuv420p,1
SRC0130.yuv,640x480,8,yuv420p,1
SRC0131.yuv,640x480,8,yuv420p,1
SRC0132.yuv,640x480,8,yuv420p,1
SRC0133.yuv,640x480,8,yuv420p,1
SRC0134.yuv,640x480,8,yuv420p,1
SRC0135.yuv,640x480,8,yuv420p,1
SRC0136.yuv,640x480,8,yuv420p,1
SRC0137.yuv,640x480,8,yuv420p,1
SRC0138.yuv,640x480,8,yuv420p,1
SRC0139.yuv,640x480,8,yuv420p,1
SRC0140.yuv,640x480,8,yuv420p,1
SRC0141.yuv,640x480,8,yuv420p,1
SRC0142.yuv,640x480,8,yuv420p,1
SRC0143.yuv,640x480,8,yuv420p,1
SRC0144.yuv,640x480,8,yuv420p,1
SRC0145.yuv,640x480,8,yuv420p,1
SRC0146.yuv,640x480,8,yuv420p,1
SRC0147.yuv,640x480,8,yuv420p,1
SRC0148.yuv,640x480,8,yuv420p,1
SRC0149.yuv,640x480,8,yuv420p,1
SRC0150.yuv,640x480,8,yuv420p,1
SRC0151.yuv,640x480,8,yuv420p,1
SRC0152.yuv,640x480,8,yuv420p,1
SRC0153.yuv,640x480,8,yuv420p,1
SRC0154.yuv,640x480,8,yuv420p,1
SRC0155.yuv,640x480,8,yuv420p,1
SRC0156.yuv,640x480,8,yuv420p,1
SRC0157.yuv,640x480,8,yuv420p,1
SRC0158.yuv,640x480,8,yuv420p,1
SRC0159.yuv,640x480,8,yuv420p,1
SRC0160.yuv,640x480,8,yuv420p,1
SRC0161.yuv,640x480,8,yuv420p,1
SRC0162.yuv,640x480,8,yuv420p,1
SRC0163.yuv,640x480,8,yuv420p,1
SRC0164.yuv,640x480,8,yuv420p,1
SRC0165.yuv,640x480,8,yuv420p,1
SRC0166.yuv,640x480,8,yuv420p,1
SRC0167.yuv,640x480,8,yuv420p,1
SRC0168.yuv,640x480,8,yuv420p,1
SRC0169.yuv,640x480,8,yuv420p,1
SRC0170.yuv,640x480,8,yuv420p,1
SRC0171.yuv,640x480,8,yuv420p,1
SRC0172.yuv,640x480,8,yuv420p,1
SRC0173.yuv,640x480,8,yuv420p,1
SRC0174.yuv,640x480,8,yuv420p,1
SRC0175.yuv,640x480,8,yuv420p,1
SRC0176.yuv,640x480,8,yuv420p,1
SRC0177.yuv,640x480,8,yuv420p,1
SRC0178.yuv,640x480,8,yuv420p,1
SRC0179.yuv,640x480,8,yuv420p,1
SRC0180.yuv,640x480,8,yuv420p,1
SRC0181.yuv,640x480,8,yuv420p,1
SRC0182.yuv,640x480,8,yuv420p,1
SRC0183.yuv,640x480,8,yuv420p,1
SRC0184.yuv,640x480,8,yuv420p,1
SRC0185.yuv,640x480,8,yuv420p,1
SRC0186.yuv,640x480,8,yuv420p,1
SRC0187.yuv,640x480,8,yuv420p,1
SRC0188.yuv,640x480,8,yuv420p,1
SRC0189.yuv,640x480,8,yuv420p,1
SRC0190.yuv,640x480,8,yuv420p,1
SRC0191.yuv,640x480,8,yuv420p,1
SRC0192.yuv,640x480,8,yuv420p,1
SRC0193.yuv,640x480,8,yuv420p,1
SRC0194.yuv,640x480,8,yuv420p,1
SRC0195.yuv,640x480,8,yuv420p,1
SRC0196.yuv,640x480,8,yuv420p,1
SRC0197.yuv,640x480,8,yuv420p,1
SRC0198.yuv,640x480,8,yuv420p,1
SRC0199.yuv,640x480,8,yuv420p,1
SRC0200.yuv,640x480,8,yuv420p,1
SRC0201.yuv,640x480,8,yuv420p,1
SRC0202.yuv,640x480,8,yuv420p,1
SRC0203.yuv,640x480,8,yuv420p,1
SRC0204.yuv,640x480,8,yuv420p,1
SRC0205.yuv,640x480,8,yuv420p,1
SRC0206.yuv,640x480,8,yuv420p,1
SRC0207.yuv,640x480,8,yuv420p,1
SRC0208.yuv,640x480,8,yuv420p,1
SRC0209.yuv,640x480,8,yuv420p,1
SRC0210.yuv,640x480,8,yuv420p,1
SRC0211.yuv,640x480,8,yuv420p,1
SRC0212.yuv,640x480,8,yuv420p,1
SRC0213.yuv,640x480,8,yuv420p,1
SRC0214.yuv,640x480,8,yuv420p,1
SRC0215.yuv,640x480,8,yuv420p,1
SRC0216.yuv,640x480,8,yuv420p,1
SRC0217.yuv,640x480,8,yuv420p,1
SRC0218.yuv,640x480,8,yuv420p,1
SRC0219.yuv,640x480,8,yuv420p,1
SRC0220.yuv,640x480,8,yuv420p,1
SRC0221.yuv,640x480,8,yuv420p,1
SRC0222.yuv,640x480,8,yuv420p,1
SRC0223.yuv,640x480,8,yuv420p,1
SRC0224.yuv,640x480,8,yuv420p,1
SRC0225.yuv,640x480,8,yuv420p,1
SRC0226.yuv,640x480,8,yuv420p,1
SRC0227.yuv,640x480,8,yuv420p,1
SRC0228.yuv,640x480,8,yuv420p,1
SRC0229.yuv,640x480,8,yuv420p,1
SRC0230.yuv,640x480,8,yuv420p,1
SRC0231.yuv,640x480,8,yuv420p,1
SRC0232.yuv,640x480,8,yuv420p,1
SRC0233.yuv,640x480,8,yuv420p,1
SRC0234.yuv,640x480,8,yuv420p,1
SRC0235.yuv,640x480,8,yuv420p,1
SRC0236.yuv,640x480,8,yuv420p,1
SRC0237.yuv,640x480,8,yuv420p,1
SRC0238.yuv,640x480,8,yuv420p,1
SRC0239.yuv,640x480,8,yuv420p,1
SRC0240.yuv,640x480,8,yuv420p,1
SRC0241.yuv,640x480,8,yuv420p,1
SRC0242.yuv,640x480,8,yuv420p,1
SRC0243.yuv,640x480,8,yuv420p,1
SRC0244.yuv,640x480,8,yuv420p,1
SRC0245.yuv,640x480,8,yuv420p,1
SRC0246.yuv,640x480,8,yuv420p,1
SRC0247.yuv,640x480,8,yuv420p,1
SRC0248.yuv,640x480,8,yuv420p,1
SRC0249.yuv,640x480,8,yuv420p,1
SRC0250.yuv,640x480,8,yuv420p,1
SRC0251.yuv,640x480,8,yuv420p,1
SRC0252.yuv,640x480,8,yuv420p,1
SRC0253.yuv,640x480,8,yuv420p,1
SRC0254.yuv,640x480,8,yuv420p,1
SRC0255.yuv,640x480,8,yuv420p,1
SRC0256.yuv,640x480,8,yuv420p,1
SRC0257.yuv,640x480,8,yuv420p,1
SRC0258.yuv,640x480,8,yuv420p,1
SRC0259.yuv,640x480,8,yuv420p,1
SRC0260.yuv,640x480,8,yuv420p,1
SRC0261.yuv,640x480,8,yuv420p,1
SRC0262.yuv,640x480,8,yuv420p,1
SRC0263.yuv,640x480,8,yuv420p,1
SRC0264.yuv,640x480,8,yuv420p,1
SRC0265.yuv,640x480,8,yuv420p,1
SRC0266.yuv,640x480,8,yuv420p,1
SRC0267.yuv,640x480,8,yuv420p,1
SRC0268.yuv,640x480,8,yuv420p,1
SRC0269.yuv,640x480,8,yuv420p,1
SRC0270.yuv,640x480,8,yuv420p,1
SRC0271.yuv,640x480,8,yuv420p,1
SRC0272.yuv,640x480,8,yuv420p,1
SRC0273.yuv,640x480,8,yuv420p,1
SRC0274.yuv,640x480,8,yuv420p,1
SRC0275.yuv,640x480,8,yuv420p,1
SRC0276.yuv,640x480,8,yuv420p,1
SRC0277.yuv,640x480,8,yuv420p,1
SRC0278.yuv,640x480,8,yuv420p,1
SRC0279.yuv,640x480,8,yuv420p,1
SRC0280.yuv,640x480,8,yuv420p,1
SRC0281.yuv,640x480,8,yuv420p,1
SRC0282.yuv,640x480,8,yuv420p,1
SRC0283.yuv,640x480,8,yuv420p,1
SRC0284.yuv,640x480,8,yuv420p,1
SRC0285.yuv,640x480,8,yuv420p,1
SRC0286.yuv,640x480,8,yuv420p,1
SRC0287.yuv,640x480,8,yuv420p,1
SRC0288.yuv,640x480,8,yuv420p,1
SRC0289.yuv,640x480,8,yuv420p,1
SRC0290.yuv,640x480,8,yuv420p,1
SRC0291.yuv,640x480,8,yuv420p,1
SRC0292.yuv,640x480,8,yuv420p,1
SRC0293.yuv,640x480,8,yuv420p,1
SRC0294.yuv,640x480,8,yuv420p,1
SRC0295.yuv,640x480,8,yuv420p,1
SRC0296.yuv,640x480,8,yuv420p,1
SRC0297.yuv,640x480,8,yuv420p,1
SRC0298.yuv,640x480,8,yuv420p,1
SRC0299.yuv,640x480,8,yuv420p,1
SRC0300.yuv,640x480,8,yuv420p,1
SRC0301.yuv,640x480,8,yuv420p,1
SRC0302.yuv,640x480,8,yuv420p,1
SRC0303.yuv,640x480,8,yuv420p,1
SRC0304.yuv,640x480,8,yuv420p,1
SRC0305.yuv,640x480,8,yuv420p,1
SRC0306.yuv,640x480,8,yuv420p,1
SRC0307.yuv,640x480,8,yuv420p,1
SRC0308.yuv,640x480,8,yuv420p,1
SRC0309.yuv,640x480,8,yuv420p,1
SRC0310.yuv,640x480,8,yuv420p,1
SRC0311.yuv,640x480,8,yuv420p,1
SRC0312.yuv,640x480,8,yuv420p,1
SRC0313.yuv,640x480,8,yuv420p,1
SRC0314.yuv,640x480,8,yuv420p,1
SRC0315.yuv,640x480,8,yuv420p,1
SRC0316.yuv,640x480,8,yuv420p,1
SRC0317.yuv,640x480,8,yuv420p,1
SRC0318.yuv,640x480,8,yuv420p,1
SRC0319.yuv,640x480,8,yuv420p,1
SRC0320.yuv,640x480,8,yuv420p,1
SRC0321.yuv,640x480,8,yuv420p,1
SRC0322.yuv,640x480,8,yuv420p,1
SRC0323.yuv,640x480,8,yuv420p,1
SRC0324.yuv,640x480,8,yuv420p,1
SRC0325.yuv,640x480,8,yuv420p,1
SRC0326.yuv,640x480,8,yuv420p,1
SRC0327.yuv,640x480,8,yuv420p,1
SRC0328.yuv,640x480,8,yuv420p,1
SRC0329.yuv,640x480,8,yuv420p,1
SRC0330.yuv,640x480,8,yuv420p,1
SRC0331.yuv,640x480,8,yuv420p,1
SRC0332.yuv,640x480,8,yuv420p,1
SRC0333.yuv,640x480,8,yuv420p,1
SRC0334.yuv,640x480,8,yuv420p,1
SRC0335.yuv,640x480,8,yuv420p,1
SRC0336.yuv,640x480,8,yuv420p,1
SRC0337.yuv,640x480,8,yuv420p,1
SRC0338.yuv,640x480,8,yuv420p,1
SRC0339.yuv,640x480,8,yuv420p,1
SRC0340.yuv,640x480,8,yuv420p,1
SRC0341.yuv,640x480,8,yuv420p,1
SRC0342.yuv,640x480,8,yuv420p,1
SRC0343.yuv,640x480,8,yuv420p,1
SRC0344.yuv,640x480,8,yuv420p,1
SRC0345.yuv,640x480,8,yuv420p,1
SRC0346.yuv,640x480,8,yuv420p,1
SRC0347.yuv,640x480,8,yuv420p,1
SRC0348.yuv,640x480,8,yuv420p,1
SRC0349.yuv,640x480,8,yuv420p,1
SRC0350.yuv,640x480,8,yuv420p,1
SRC0351.yuv,640x480,8,yuv420p,1
SRC0352.yuv,640x480,8,yuv420p,1
SRC0353.yuv,640x480,8,yuv420p,1
SRC0354.yuv,640x480,8,yuv420p,1
SRC0355.yuv,640x480,8,yuv420p,1
SRC0356.yuv,640x480,8,yuv420p,1
SRC0357.yuv,640x480,8,yuv420p,1
SRC0358.yuv,640x480,8,yuv420p,1
SRC0359.yuv,640x480,8,yuv420p,1
SRC0360.yuv,640x480,8,yuv420p,1
SRC0361.yuv,640x480,8,yuv420p,1
SRC0362.yuv,640x480,8,yuv420p,1
SRC0363.yuv,640x480,8,yuv420p,1
SRC0364.yuv,640x480,8,yuv420p,1
SRC0365.yuv,640x480,8,yuv420p,1
SRC0366.yuv,640x480,8,yuv420p,1
SRC0367.yuv,640x480,8,yuv420p,1
SRC0368.yuv,640x480,8,yuv420p,1
SRC0369.yuv,640x480,8,yuv420p,1
SRC0370.yuv,640x480,8,yuv420p,1
SRC0371.yuv,640x480,8,yuv420p,1
SRC0372.yuv,640x480,8,yuv420p,1
SRC0373.yuv,640x480,8,yuv420p,1
SRC0374.yuv,640x480,8,yuv420p,1
SRC0375.yuv,640x480,8,yuv420p,1
SRC0376.yuv,640x480,8,yuv420p,1
SRC0377.yuv,640x480,8,yuv420p,1
SRC0378.yuv,640x480,8,yuv420p,1
SRC0379.yuv,640x480,8,yuv420p,1
SRC0380.yuv,640x480,8,yuv420p,1
SRC0381.yuv,640x480,8,yuv420p,1
SRC0382.yuv,640x480,8,yuv420p,1
SRC0383.yuv,640x480,8,yuv420p,1
SRC0384.yuv,640x480,8,yuv420p,1
SRC0385.yuv,640x480,8,yuv420p,1
SRC0386.yuv,640x480,8,yuv420p,1
SRC0387.yuv,640x480,8,yuv420p,1
SRC0388.yuv,640x480,8,yuv420p,1
SRC0389.yuv,640x480,8,yuv420p,1
SRC0390.yuv,640x480,8,yuv420p,1
SRC0391.yuv,640x480,8,yuv420p,1
SRC0392.yuv,640x480,8,yuv420p,1
SRC0393.yuv,640x480,8,yuv420p,1
SRC0394.yuv,640x480,8,yuv420p,1
SRC0395.yuv,640x480,8,yuv420p,1
SRC0396.yuv,640x480,8,yuv420p,1
SRC0397.yuv,640x480,8,yuv420p,1
SRC0398.yuv,640x480,8,yuv420p,1
SRC0399.yuv,640x480,8,yuv420p,1
SRC0400.yuv,640x480,8,yuv420p,1
SRC0401.yuv,640x480,8,yuv420p,1
SRC0402.yuv,640x480,8,yuv420p,1
SRC0403.yuv,640x480,8,yuv420p,1
SRC0404.yuv,640x480,8,yuv420p,1
SRC0405.yuv,640x480,8,yuv420p,1
SRC0406.yuv,640x480,8,yuv420p,1
SRC0407.yuv,640x480,8,yuv420p,1
SRC0408.yuv,640x480,8,yuv420p,1
SRC0409.yuv,640x480,8,yuv420p,1
SRC0410.yuv,640x480,8,yuv420p,1
SRC0411.yuv,640x480,8,yuv420p,1
SRC0412.yuv,640x480,8,yuv420p,1
SRC0413.yuv,640x480,8,yuv420p,1
SRC0414.yuv,640x480,8,yuv420p,1
SRC0415.yuv,640x480,8,yuv420p,1
SRC0416.yuv,640x480,8,yuv420p,1
SRC0417.yuv,640x480,8,yuv420p,1
SRC0418.yuv,640x480,8,yuv420p,1
SRC0419.yuv,640x480,8,yuv420p,1
SRC0420.yuv,640x480,8,yuv420p,1
SRC0421.yuv,640x480,8,yuv420p,1
SRC0422.yuv,640x480,8,yuv420p,1
SRC0423.yuv,640x480,8,yuv420p,1
SRC0424.yuv,640x480,8,yuv420p,1
SRC0425.yuv,640x480,8,yuv420p,1
SRC0426.yuv,640x480,8,yuv420p,1
SRC0427.yuv,640x480,8,yuv420p,1
SRC0428.yuv,640x480,8,yuv420p,1
SRC0429.yuv,640x480,8,yuv420p,1
SRC0430.yuv,640x480,8,yuv420p,1
SRC0431.yuv,640x480,8,yuv420p,1
SRC0432.yuv,640x480,8,yuv420p,1
SRC0433.yuv,640x480,8,yuv420p,1
SRC0434.yuv,640x480,8,yuv420p,1
SRC0435.yuv,640x480,8,yuv420p,1
SRC0436.yuv,640x480,8,yuv420p,1
SRC0437.yuv,640x480,8,yuv420p,1
SRC0438.yuv,640x480,8,yuv420p,1
SRC0439.yuv,640x480,8,yuv420p,1
SRC0440.yuv,640x480,8,yuv420p,1
SRC0441.yuv,640x480,8,yuv420p,1
SRC0442.yuv,640x480,8,yuv420p,1
SRC0443.yuv,640x480,8,yuv420p,1
SRC0444.yuv,640x480,8,yuv420p,1
SRC0445.yuv,640x480,8,yuv420p,1
SRC0446.yuv,640x480,8,yuv420p,1
SRC0447.yuv,640x480,8,yuv420p,1
SRC0448.yuv,640x480,8,yuv420p,1
SRC0449.yuv,640x480,8,yuv420p,1
SRC0450.yuv,640x480,8,yuv420p,1
SRC0451.yuv,640x480,8,yuv420p,1
SRC0452.yuv,640x480,8,yuv420p,1
SRC0453.yuv,640x480,8,yuv420p,1
SRC0454.yuv,640x480,8,yuv420p,1
SRC0455.yuv,640x480,8,yuv420p,1
SRC0456.yuv,640x480,8,yuv420p,1
SRC0457.yuv,640x480,8,yuv420p,1
SRC0458.yuv,640x480,8,yuv420p,1
SRC0459.yuv,640x480,8,yuv420p,1
SRC0460.yuv,640x480,8,yuv420p,1
SRC0461.yuv,640x480,8,yuv420p,1
SRC0462.yuv,640x480,8,yuv420p,1
SRC0463.yuv,640x480,8,yuv420p,1
SRC0464.yuv,640x480,8,yuv420p,1
SRC0465.yuv,640x480,8,yuv420p,1
SRC0466.yuv,640x480,8,yuv420p,1
SRC0467.yuv,640x480,8,yuv420p,1
SRC0468.yuv,640x480,8,yuv420p,1
SRC0469.yuv,640x480,8,yuv420p,1
SRC0470.yuv,640x480,8,yuv420p,1
SRC0471.yuv,640x480,8,yuv420p,1
SRC0472.yuv,640x480,8,yuv420p,1
SRC0473.yuv,640x480,8,yuv420p,1
SRC0474.yuv,640x480,8,yuv420p,1
SRC0475.yuv,640x480,8,yuv420p,1
SRC0476.yuv,640x480,8,yuv420p,1
SRC0477.yuv,640x480,8,yuv420p,1
SRC0478.yuv,640x480,8,yuv420p,1
SRC0479.yuv,640x480,8,yuv420p,1
SRC0480.yuv,640x480,8,yuv420p,1
SRC0481.yuv,640x480,8,yuv420p,1
SRC0482.yuv,640x480,8,yuv420p,1
SRC0483.yuv,640x480,8,yuv420p,1
SRC0484.yuv,640x480,8,yuv420p,1
SRC0485.yuv,640x480,8,yuv420p,1
SRC0486.yuv,640x480,8,yuv420p,1
SRC0487.yuv,640x480,8,yuv420p,1
SRC0488.yuv,640x480,8,yuv420p,1
SRC0489.yuv,640x480,8,yuv420p,1
SRC0490.yuv,640x480,8,yuv420p,1
SRC0491.yuv,640x480,8,yuv420p,1
SRC0492.yuv,640x480,8,yuv420p,1
SRC0493.yuv,640x480,8,yuv420p,1
SRC0494.yuv,640x480,8,yuv420p,1
SRC0495.yuv,640x480,8,yuv420p,1
SRC0496.yuv,640x480,8,yuv420p,1
SRC0497.yuv,640x480,8,yuv420p,1
SRC0498.yuv,640x480,8,yuv420p,1
SRC0499.yuv,640x480,8,yuv420p,1
SRC0500.yuv,640x480,8,yuv420p,1
SRC0501.yuv,640x480,8,yuv420p,1
SRC0502.yuv,640x480,8,yuv420p,1
SRC0503.yuv,640x480,8,yuv420p,1
SRC0504.yuv,640x480,8,yuv420p,1
SRC0505.yuv,640x480,8,yuv420p,1
SRC0506.yuv,640x480,8,yuv420p,1
SRC0507.yuv,640x480,8,yuv420p,1
SRC0508.yuv,640x480,8,yuv420p,1
SRC0509.yuv,640x480,8,yuv420p,1
SRC0510.yuv,640x480,8,yuv420p,1
SRC0511.yuv,640x480,8,yuv420p,1
SRC0512.yuv,640x480,8,yuv420p,1
SRC0513.yuv,640x480,8,yuv420p,1
SRC0514.yuv,640x480,8,yuv420p,1
SRC0515.yuv,640x480,8,yuv420p,1
SRC0516.yuv,640x480,8,yuv420p,1
SRC0517.yuv,640x480,8,yuv420p,1
SRC0518.yuv,640x480,8,yuv420p,1
SRC0519.yuv,640x480,8,yuv420p,1
SRC0520.yuv,640x480,8,yuv420p,1
SRC0521.yuv,640x480,8,yuv420p,1
SRC0522.yuv,640x480,8,yuv420p,1
SRC0523.yuv,640x480,8,yuv420p,1
SRC0524.yuv,640x480,8,yuv420p,1
SRC0525.yuv,640x480,8,yuv420p,1
SRC0526.yuv,640x480,8,yuv420p,1
SRC0527.yuv,640x480,8,yuv420p,1
SRC0528.yuv,640x480,8,yuv420p,1
SRC0529.yuv,640x480,8,yuv420p,1
SRC0530.yuv,640x480,8,yuv420p,1
SRC0531.yuv,640x480,8,yuv420p,1
SRC0532.yuv,640x480,8,yuv420p,1
SRC0533.yuv,640x480,8,yuv420p,1
SRC0534.yuv,640x480,8,yuv420p,1
SRC0535.yuv,640x480,8,yuv420p,1
SRC0536.yuv,640x480,8,yuv420p,1
SRC0537.yuv,640x480,8,yuv420p,1
SRC0538.yuv,640x480,8,yuv420p,1
SRC0539.yuv,640x480,8,yuv420p,1
SRC0540.yuv,640x480,8,yuv420p,1
SRC0541.yuv,640x480,8,yuv420p,1
SRC0542.yuv,640x480,8,yuv420p,1
SRC0543.yuv,640x480,8,yuv420p,1
SRC0544.yuv,640x480,8,yuv420p,1
SRC0545.yuv,640x480,8,yuv420p,1
SRC0546.yuv,640x480,8,yuv420p,1
SRC0547.yuv,640x480,8,yuv420p,1
SRC0548.yuv,640x480,8,yuv420p,1
SRC0549.yuv,640x480,8,yuv420p,1
SRC0550.yuv,640x480,8,yuv420p,1
SRC0551.yuv,640x480,8,yuv420p,1
SRC0552.yuv,640x480,8,yuv420p,1
SRC0553.yuv,640x480,8,yuv420p,1
SRC0554.yuv,640x480,8,yuv420p,1
SRC0555.yuv,640x480,8,yuv420p,1
SRC0556.yuv,640x480,8,yuv420p,1
SRC0557.yuv,640x480,8,yuv420p,1
SRC0558.yuv,640x480,8,yuv420p,1
SRC0559.yuv,640x480,8,yuv420p,1
SRC0560.yuv,640x480,8,yuv420p,1
SRC0561.yuv,640x480,8,yuv420p,1
SRC0562.yuv,640x480,8,yuv420p,1
SRC0563.yuv,640x480,8,yuv420p,1
SRC0564.yuv,640x480,8,yuv420p,1
SRC0565.yuv,640x480,8,yuv420p,1
SRC0566.yuv,640x480,8,yuv420p,1
SRC0567.yuv,640x480,8,yuv420p,1
SRC0568.yuv,640x480,8,yuv420p,1
SRC0569.yuv,640x480,8,yuv420p,1
SRC0570.yuv,640x480,8,yuv420p,1
SRC0571.yuv,640x480,8,yuv420p,1
SRC0572.yuv,640x480,8,yuv420p,1
SRC0573.yuv,640x480,8,yuv420p,1
SRC0574.yuv,640x480,8,yuv420p,1
SRC0575.yuv,640x480,8,yuv420p,1
SRC0576.yuv,640x480,8,yuv420p,1
SRC0577.yuv,640x480,8,yuv420p,1
SRC0578.yuv,640x480,8,yuv420p,1
SRC0579.yuv,640x480,8,yuv420p,1
SRC0580.yuv,640x480,8,yuv420p,1
SRC0581.yuv,640x480,8,yuv420p,1
SRC0582.yuv,640x480,8,yuv420p,1
SRC0583.yuv,640x480,8,yuv420p,1
SRC0584.yuv,640x480,8,yuv420p,1
SRC0585.yuv,640x480,8,yuv420p,1
SRC0586.yuv,640x480,8,yuv420p,1
SRC0587.yuv,640x480,8,yuv420p,1
SRC0588.yuv,640x480,8,yuv420p,1
SRC0589.yuv,640x480,8,yuv420p,1
SRC0590.yuv,640x480,8,yuv420p,1
SRC0591.yuv,640x480,8,yuv420p,1
SRC0592.yuv,640x480,8,yuv420p,1
SRC0593.yuv,640x480,8,yuv420p,1
SRC0594.yuv,640x480,8,yuv420p,1
SRC0595.yuv,640x480,8,yuv420p,1
SRC0596.yuv,640x480,8,yuv420p,1
SRC0597.yuv,640x480,8,yuv420p,1
SRC0598.yuv,640x480,8,yuv420p,1
SRC0599.yuv,640x480,8,yuv420p,1
SRC0600.yuv,640x480,8,yuv420p,1
SRC0601.yuv,640x480,8,yuv420p,1
SRC0602.yuv,640x480,8,yuv420p,1
SRC0603.yuv,640x480,8,yuv420p,1
SRC0604.yuv,640x480,8,yuv420p,1
SRC0605.yuv,640x480,8,yuv420p,1
SRC0606.yuv,640x480,8,yuv420p,1
SRC0607.yuv,640x480,8,yuv420p,1
SRC0608.yuv,640x480,8,yuv420p,1
SRC0609.yuv,640x480,8,yuv420p,1
SRC0610.yuv,640x480,8,yuv420p,1
SRC0611.yuv,640x480,8,yuv420p,1
SRC0612.yuv,640x480,8,yuv420p,1
SRC0613.yuv,640x480,8,yuv420p,1
SRC0614.yuv,640x480,8,yuv420p,1
SRC0615.yuv,640x480,8,yuv420p,1
SRC0616.yuv,640x480,8,yuv420p,1
SRC0617.yuv,640x480,8,yuv420p,1
SRC0618.yuv,640x480,8,yuv420p,1
SRC0619.yuv,640x480,8,yuv420p,1
SRC0620.yuv,640x480,8,yuv420p,1
SRC0621.yuv,640x480,8,yuv420p,1
SRC0622.yuv,640x480,8,yuv420p,1
SRC0623.yuv,640x480,8,yuv420p,1
SRC0624.yuv,640x480,8,yuv420p,1
SRC0625.yuv,640x480,8,yuv420p,1
SRC0626.yuv,640x480,8,yuv420p,1
SRC0627.yuv,640x480,8,yuv420p,1
SRC0628.yuv,640x480,8,yuv420p,1
SRC0629.yuv,640x480,8,yuv420p,1
SRC0630.yuv,640x480,8,yuv420p,1
SRC0631.yuv,640x480,8,yuv420p,1
SRC0632.yuv,640x480,8,yuv420p,1
SRC0633.yuv,640x480,8,yuv420p,1
SRC0634.yuv,640x480,8,yuv420p,1
SRC0635.yuv,640x480,8,yuv420p,1
SRC0636.yuv,640x480,8,yuv420p,1
SRC0637.yuv,640x480,8,yuv420p,1
SRC0638.yuv,640x480,8,yuv420p,1
SRC0639.yuv,640x480,8,yuv420p,1
SRC0640.yuv,640x480,8,yuv420p,1
SRC0641.yuv,640x480,8,yuv420p,1
SRC0642.yuv,640x480,8,yuv420p,1
SRC0643.yuv,640x480,8,yuv420p,1
SRC0644.yuv,640x480,8,yuv420p,1
SRC0645.yuv,640x480,8,yuv420p,1
SRC0646.yuv,640x480,8,yuv420p,1
SRC0647.yuv,640x480,8,yuv420p,1
SRC0648.yuv,640x480,8,yuv420p,1
SRC0649.yuv,640x480,8,yuv420p,1
SRC0650.yuv,640x480,8,yuv420p,1
SRC0651.yuv,640x480,8,yuv420p,1
SRC0652.yuv,640x480,8,yuv420p,1
SRC0653.yuv,640x480,8,yuv420p,1
SRC0654.yuv,640x480,8,yuv420p,1
SRC0655.yuv,640x480,8,yuv420p,1
SRC0656.yuv,640x480,8,yuv420p,1
SRC0657.yuv,640x480,8,yuv420p,1
SRC0658.yuv,640x480,8,yuv420p,1
SRC0659.yuv,640x480,8,yuv420p,1
SRC0660.yuv,640x480,8,yuv420p,1
SRC0661.yuv,640x480,8,yuv420p,1
SRC0662.yuv,640x480,8,yuv420p,1
SRC0663.yuv,640x480,8,yuv420p,1
SRC0664.yuv,640x480,8,yuv420p,1
SRC0665.yuv,640x480,8,yuv420p,1
SRC0666.yuv,640x480,8,yuv420p,1
SRC0667.yuv,640x480,8,yuv420p,1
SRC0668.yuv,640x480,8,yuv420p,1
SRC0669.yuv,640x480,8,yuv420p,1
SRC0670.yuv,640x480,8,yuv420p,1
SRC0671.yuv,640x480,8,yuv420p,1
SRC0672.yuv,640x480,8,yuv420p,1
SRC0673.yuv,640x480,8,yuv420p,1
SRC0674.yuv,640x480,8,yuv420p,1
SRC0675.yuv,640x480,8,yuv420p,1
SRC0676.yuv,640x480,8,yuv420p,1
SRC0677.yuv,640x480,8,yuv420p,1
SRC0678.yuv,640x480,8,yuv420p,1
SRC0679.yuv,640x480,8,yuv420p,1
SRC0680.yuv,640x480,8,yuv420p,1
SRC0681.yuv,640x480,8,yuv420p,1
SRC0682.yuv,640x480,8,yuv420p,1
SRC0683.yuv,640x480,8,yuv420p,1
SRC0684.yuv,640x480,8,yuv420p,1
SRC0685.yuv,640x480,8,yuv420p,1
SRC0686.yuv,640x480,8,yuv420p,1
SRC0687.yuv,640x480,8,yuv420p,1
SRC0688.yuv,640x480,8,yuv420p,1
SRC0689.yuv,640x480,8,yuv420p,1
SRC0690.yuv,640x480,8,yuv420p,1
SRC0691.yuv,640x480,8,yuv420p,1
SRC0692.yuv,640x480,8,yuv420p,1
SRC0693.yuv,640x480,8,yuv420p,1
SRC0694.yuv,640x480,8,yuv420p,1
SRC0695.yuv,640x480,8,yuv420p,1
SRC0696.yuv,640x480,8,yuv420p,1
SRC0697.yuv,640x480,8,yuv420p,1
SRC0698.yuv,640x480,8,yuv420p,1
SRC0699.yuv,640x480,8,yuv420p,1
SRC0700.yuv,640x480,8,yuv420p,1
SRC0701.yuv,640x480,8,yuv420p,1
SRC0702.yuv,640x480,8,yuv420p,1
SRC0703.yuv,640x480,8,yuv420p,1
SRC0704.yuv,640x480,8,yuv420p,1
SRC0705.yuv,640x480,8,yuv420p,1
SRC0706.yuv,640x480,8,yuv420p,1
SRC0707.yuv,640x480,8,yuv420p,1
SRC0708.yuv,640x480,8,yuv420p,1
SRC0709.yuv,640x480,8,yuv420p,1
SRC0710.yuv,640x480,8,yuv420p,1
SRC0711.yuv,640x480,8,yuv420p,1
SRC0712.yuv,640x480,8,yuv420p,1
SRC0713.yuv,640x480,8,yuv420p,1
SRC0714.yuv,640x480,8,yuv420p,1
SRC0715.yuv,640x480,8,yuv420p,1
SRC0716.yuv,640x480,8,yuv420p,1
SRC0717.yuv,640x480,8,yuv420p,1
SRC0718.yuv,640x480,8,yuv420p,1
SRC0719.yuv,640x480,8,yuv420p,1
SRC0720.yuv,640x480,8,yuv420p,1
SRC0721.yuv,640x480,8,yuv420p,1
SRC0722.yuv,640x480,8,yuv420p,1
SRC0723.yuv,640x480,8,yuv420p,1
SRC0724.yuv,640x480,8,yuv420p,1
SRC0725.yuv,640x480,8,yuv420p,1
SRC0726.yuv,640x480,8,yuv420p,1
SRC0727.yuv,640x480,8,yuv420p,1
SRC0728.yuv,640x480,8,yuv420p,1
SRC0729.yuv,640x480,8,yuv420p,1
SRC0730.yuv,640x480,8,yuv420p,1
SRC0731.yuv,640x480,8,yuv420p,1
SRC0732.yuv,640x480,8,yuv420p,1
SRC0733.yuv,640x480,8,yuv420p,1
SRC0734.yuv,640x480,8,yuv420p,1
SRC0735.yuv,640x480,8,yuv420p,1
SRC0736.yuv,640x480,8,yuv420p,1
SRC0737.yuv,640x480,8,yuv420p,1
SRC0738.yuv,640x480,8,yuv420p,1
SRC0739.yuv,640x480,8,yuv420p,1
SRC0740.yuv,640x480,8,yuv420p,1
SRC0741.yuv,640x480,8,yuv420p,1
SRC0742.yuv,640x480,8,yuv420p,1
SRC0743.yuv,640x480,8,yuv420p,1
SRC0744.yuv,640x480,8,yuv420p,1
SRC0745.yuv,640x480,8,yuv420p,1
SRC0746.yuv,640x480,8,yuv420p,1
SRC0747.yuv,640x480,8,yuv420p,1
SRC0748.yuv,640x480,8,yuv420p,1
SRC0749.yuv,640x480,8,yuv420p,1
SRC0750.yuv,640x480,8,yuv420p,1
SRC0751.yuv,640x480,8,yuv420p,1
SRC0752.yuv,640x480,8,yuv420p,1
SRC0753.yuv,640x480,8,yuv420p,1
SRC0754.yuv,640x480,8,yuv420p,1
SRC0755.yuv,640x480,8,yuv420p,1
SRC0756.yuv,640x480,8,yuv420p,1
SRC0757.yuv,640x480,8,yuv420p,1
SRC0758.yuv,640x480,8,yuv420p,1
SRC0759.yuv,640x480,8,yuv420p,1
SRC0760.yuv,640x480,8,yuv420p,1
SRC0761.yuv,640x480,8,yuv420p,1
SRC0762.yuv,640x480,8,yuv420p,1
SRC0763.yuv,640x480,8,yuv420p,1
SRC0764.yuv,640x480,8,yuv420p,1
SRC0765.yuv,640x480,8,yuv420p,1
SRC0766.yuv,640x480,8,yuv420p,1
SRC0767.yuv,640x480,8,yuv420p,1
SRC0768.yuv,640x480,8,yuv420p,1
SRC0769.yuv,640x480,8,yuv420p,1
SRC0770.yuv,640x480,8,yuv420p,1
SRC0771.yuv,640x480,8,yuv420p,1
SRC0772.yuv,640x480,8,yuv420p,1
SRC0773.yuv,640x480,8,yuv420p,1
SRC0774.yuv,640x480,8,yuv420p,1
SRC0775.yuv,640x480,8,yuv420p,1
SRC0776.yuv,640x480,8,yuv420p,1
SRC0777.yuv,640x480,8,yuv420p,1
SRC0778.yuv,640x480,8,yuv420p,1
SRC0779.yuv,640x480,8,yuv420p,1
SRC0780.yuv,640x480,8,yuv420p,1
SRC0781.yuv,640x480,8,yuv420p,1
SRC0782.yuv,640x480,8,yuv420p,1
SRC0783.yuv,640x480,8,yuv420p,1
SRC0784.yuv,640x480,8,yuv420p,1
SRC0785.yuv,640x480,8,yuv420p,1
SRC0786.yuv,640x480,8,yuv420p,1
SRC0787.yuv,640x480,8,yuv420p,1
SRC0788.yuv,640x480,8,yuv420p,1
SRC0789.yuv,640x480,8,yuv420p,1
SRC0790.yuv,640x480,8,yuv420p,1
SRC0791.yuv,640x480,8,yuv420p,1
SRC0792.yuv,640x480,8,yuv420p,1
SRC0793.yuv,640x480,8,yuv420p,1
SRC0794.yuv,640x480,8,yuv420p,1
SRC0795.yuv,640x480,8,yuv420p,1
SRC0796.yuv,640x480,8,yuv420p,1
SRC0797.yuv,640x480,8,yuv420p,1
SRC0798.yuv,640x480,8,yuv420p,1
SRC0799.yuv,640x480,8,yuv420p,1
SRC0800.yuv,640x480,8,yuv420p,1
SRC0801.yuv,640x480,8,yuv420p,1
SRC0802.yuv,640x480,8,yuv420p,1
SRC0803.yuv,640x480,8,yuv420p,1
SRC0804.yuv,640x480,8,yuv420p,1
SRC0805.yuv,640x480,8,yuv420p,1
SRC0806.yuv,640x480,8,yuv420p,1
SRC0807.yuv,640x480,8,yuv420p,1
SRC0808.yuv,640x480,8,yuv420p,1
SRC0809.yuv,640x480,8,yuv420p,1
SRC0810.yuv,640x480,8,yuv420p,1
SRC0811.yuv,640x480,8,yuv420p,1
SRC0812.yuv,640x480,8,yuv420p,1
SRC0813.yuv,640x480,8,yuv420p,1
SRC0814.yuv,640x480,8,yuv420p,1
SRC0815.yuv,640x480,8,yuv420p,1
SRC0816.yuv,640x480,8,yuv420p,1
SRC0817.yuv,640x480,8,yuv420p,1
SRC0818.yuv,640x480,8,yuv420p,1
SRC0819.yuv,640x480,8,yuv420p,1
SRC0820.yuv,640x480,8,yuv420p,1
SRC0821.yuv,640x480,8,yuv420p,1
SRC0822.yuv,640x480,8,yuv420p,1
SRC0823.yuv,640x480,8,yuv420p,1
SRC0824.yuv,640x480,8,yuv420p,1
SRC0825.yuv,640x480,8,yuv420p,1
SRC0826.yuv,640x480,8,yuv420p,1
SRC0827.yuv,640x480,8,yuv420p,1
SRC0828.yuv,640x480,8,yuv420p,1
SRC0829.yuv,640x480,8,yuv420p,1
SRC0830.yuv,640x480,8,yuv420p,1
SRC0831.yuv,640x480,8,yuv420p,1
SRC0832.yuv,640x480,8,yuv420p,1
SRC0833.yuv,640x480,8,yuv420p,1
SRC0834.yuv,640x480,8,yuv420p,1
SRC0835.yuv,640x480,8,yuv420p,1
SRC0836.yuv,640x480,8,yuv420p,1
SRC0837.yuv,640x480,8,yuv420p,1
SRC0838.yuv,640x480,8,yuv420p,1
SRC0839.yuv,640x480,8,yuv420p,1
SRC0840.yuv,640x480,8,yuv420p,1
SRC0841.yuv,640x480,8,yuv420p,1
SRC0842.yuv,640x480,8,yuv420p,1
SRC0843.yuv,640x480,8,yuv420p,1
SRC0844.yuv,640x480,8,yuv420p,1
SRC0845.yuv,640x480,8,yuv420p,1
SRC0846.yuv,640x480,8,yuv420p,1
SRC0847.yuv,640x480,8,yuv420p,1
SRC0848.yuv,640x480,8,yuv420p,1
SRC0849.yuv,640x480,8,yuv420p,1
SRC0850.yuv,640x480,8,yuv420p,1
SRC0851.yuv,640x480,8,yuv420p,1
SRC0852.yuv,640x480,8,yuv420p,1
SRC0853.yuv,640x480,8,yuv420p,1
SRC0854.yuv,640x480,8,yuv420p,1
SRC0855.yuv,640x480,8,yuv420p,1
SRC0856.yuv,640x480,8,yuv420p,1
SRC0857.yuv,640x480,8,yuv420p,1
SRC0858.yuv,640x480,8,yuv420p,1
SRC0859.yuv,640x480,8,yuv420p,1
SRC0860.yuv,640x480,8,yuv420p,1
SRC0861.yuv,640x480,8,yuv420p,1
SRC0862.yuv,640x480,8,yuv420p,1
SRC0863.yuv,640x480,8,yuv420p,1
SRC0864.yuv,640x480,8,yuv420p,1
SRC0865.yuv,640x480,8,yuv420p,1
SRC0866.yuv,640x480,8,yuv420p,1
SRC0867.yuv,640x480,8,yuv420p,1
SRC0868.yuv,640x480,8,yuv420p,1
SRC0869.yuv,640x480,8,yuv420p,1
SRC0870.yuv,640x480,8,yuv420p,1
SRC0871.yuv,640x480,8,yuv420p,1
SRC0872.yuv,640x480,8,yuv420p,1
SRC0873.yuv,640x480,8,yuv420p,1
SRC0874.yuv,640x480,8,yuv420p,1
SRC0875.yuv,640x480,8,yuv420p,1
SRC0876.yuv,640x480,8,yuv420p,1
SRC0877.yuv,640x480,8,yuv420p,1
SRC0878.yuv,640x480,8,yuv420p,1
SRC0879.yuv,640x480,8,yuv420p,1
SRC0880.yuv,640x480,8,yuv420p,1
SRC0881.yuv,640x480,8,yuv420p,1
SRC0882.yuv,640x480,8,yuv420p,1
SRC0883.yuv,640x480,8,yuv420p,1
SRC0884.yuv,640x480,8,yuv420p,1
SRC0885.yuv,640x480,8,yuv420p,1
SRC0886.yuv,640x480,8,yuv420p,1
SRC0887.yuv,640x480,8,yuv420p,1
SRC0888.yuv,640x480,8,yuv420p,1
SRC0889.yuv,640x480,8,yuv420p,1
SRC0890.yuv,640x480,8,yuv420p,1
SRC0891.yuv,640x480,8,yuv420p,1
SRC0892.yuv,640x480,8,yuv420p,1
SRC0893.yuv,640x480,8,yuv420p,1
SRC0894.yuv,640x480,8,yuv420p,1
SRC0895.yuv,640x480,8,yuv420p,1
SRC0896.yuv,640x480,8,yuv420p,1
SRC0897.yuv,640x480,8,yuv420p,1
SRC0898.yuv,640x480,8,yuv420p,1
SRC0899.yuv,640x480,8,yuv420p,1
SRC0900.yuv,640x480,8,yuv420p,1
SRC0901.yuv,640x480,8,yuv420p,1
SRC0902.yuv,640x480,8,yuv420p,1
SRC0903.yuv,640x480,8,yuv420p,1
SRC0904.yuv,640x480,8,yuv420p,1
SRC0905.yuv,640x480,8,yuv420p,1
SRC0906.yuv,640x480,8,yuv420p,1
SRC0907.yuv,640x480,8,yuv420p,1
SRC0908.yuv,640x480,8,yuv420p,1
SRC0909.yuv,640x480,8,yuv420p,1
SRC0910.yuv,640x480,8,yuv420p,1
SRC0911.yuv,640x480,8,yuv420p,1
SRC0912.yuv,640x480,8,yuv420p,1
SRC0913.yuv,640x480,8,yuv420p,1
SRC0914.yuv,640x480,8,yuv420p,1
SRC0915.yuv,640x480,8,yuv420p,1
SRC0916.yuv,640x480,8,yuv420p,1
SRC0917.yuv,640x480,8,yuv420p,1
SRC0918.yuv,640x480,8,yuv420p,1
SRC0919.yuv,640x480,8,yuv420p,1
SRC0920.yuv,640x480,8,yuv420p,1
SRC0921.yuv,640x480,8,yuv420p,1
SRC0922.yuv,640x480,8,yuv420p,1
SRC0923.yuv,640x480,8,yuv420p,1
SRC0924.yuv,640x480,8,yuv420p,1
SRC0925.yuv,640x480,8,yuv420p,1
SRC0926.yuv,640x480,8,yuv420p,1
SRC0927.yuv,640x480,8,yuv420p,1
SRC0928.yuv,640x480,8,yuv420p,1
SRC0929.yuv,640x480,8,yuv420p,1
SRC0930.yuv,640x480,8,yuv420p,1
SRC0931.yuv,640x480,8,yuv420p,1
SRC0932.yuv,640x480,8,yuv420p,1
SRC0933.yuv,640x480,8,yuv420p,1
SRC0934.yuv,640x480,8,yuv420p,1
SRC0935.yuv,640x480,8,yuv420p,1
SRC0936.yuv,640x480,8,yuv420p,1
SRC0937.yuv,640x480,8,yuv420p,1
SRC0938.yuv,640x480,8,yuv420p,1
SRC0939.yuv,640x480,8,yuv420p,1
SRC0940.yuv,640x480,8,yuv420p,1
SRC0941.yuv,640x480,8,yuv420p,1
SRC0942.yuv,640x480,8,yuv420p,1
SRC0943.yuv,640x480,8,yuv420p,1
SRC0944.yuv,640x480,8,yuv420p,1
SRC0945.yuv,640x480,8,yuv420p,1
SRC0946.yuv,640x480,8,yuv420p,1
SRC0947.yuv,640x480,8,yuv420p,1
SRC0948.yuv,640x480,8,yuv420p,1
SRC0949.yuv,640x480,8,yuv420p,1
SRC0950.yuv,640x480,8,yuv420p,1
SRC0951.yuv,640x480,8,yuv420p,1
SRC0952.yuv,640x480,8,yuv420p,1
SRC0953.yuv,640x480,8,yuv420p,1
SRC0954.yuv,640x480,8,yuv420p,1
SRC0955.yuv,640x480,8,yuv420p,1
SRC0956.yuv,640x480,8,yuv420p,1
SRC0957.yuv,640x480,8,yuv420p,1
SRC0958.yuv,640x480,8,yuv420p,1
SRC0959.yuv,640x480,8,yuv420p,1
SRC0960.yuv,640x480,8,yuv420p,1
SRC0961.yuv,640x480,8,yuv420p,1
SRC0962.yuv,640x480,8,yuv420p,1
SRC0963.yuv,640x480,8,yuv420p,1
SRC0964.yuv,640x480,8,yuv420p,1
SRC0965.yuv,640x480,8,yuv420p,1
SRC0966.yuv,640x480,8,yuv420p,1
SRC0967.yuv,640x480,8,yuv420p,1
SRC0968.yuv,640x480,8,yuv420p,1
SRC0969.yuv,640x480,8,yuv420p,1
SRC0970.yuv,640x480,8,yuv420p,1
SRC0971.yuv,640x480,8,yuv420p,1
SRC0972.yuv,640x480,8,yuv420p,1
SRC0973.yuv,640x480,8,yuv420p,1
SRC0974.yuv,640x480,8,yuv420p,1
SRC0975.yuv,640x480,8,yuv420p,1
SRC0976.yuv,640x480,8,yuv420p,1
SRC0977.yuv,640x480,8,yuv420p,1
SRC0978.yuv,640x480,8,yuv420p,1
SRC0979.yuv,640x480,8,yuv420p,1
SRC0980.yuv,640x480,8,yuv420p,1
SRC0981.yuv,640x480,8,yuv420p,1
SRC0982.yuv,640x480,8,yuv420p,1
SRC0983.yuv,640x480,8,yuv420p,1
SRC0984.yuv,640x480,8,yuv420p,1
SRC0985.yuv,640x480,8,yuv420p,1
SRC0986.yuv,640x480,8,yuv420p,1
SRC0987.yuv,640x480,8,yuv420p,1
SRC0988.yuv,640x480,8,yuv420p,1
SRC0989.yuv,640x480,8,yuv420p,1
SRC0990.yuv,640x480,8,yuv420p,1
SRC0991.yuv,640x480,8,yuv420p,1
SRC0992.yuv,640x480,8,yuv420p,1
SRC0993.yuv,640x480,8,yuv420p,1
SRC0994.yuv,640x480,8,yuv420p,1
SRC0995.yuv,640x480,8,yuv420p,1
SRC0996.yuv,640x480,8,yuv420p,1
SRC0997.yuv,640x480,8,yuv420p,1
SRC0998.yuv,640x480,8,yuv420p,1
SRC0999.yuv,640x480,8,yuv420p,1
SRC1000.yuv,640x480,8,yuv420p,1
SRC1001.yuv,640x480,8,yuv420p,1
SRC1002.yuv,640x480,8,yuv420p,1
SRC1003.yuv,640x480,8,yuv420p,1
SRC1004.yuv,640x480,8,yuv420p,1
SRC1005.yuv,640x480,8,yuv420p,1
SRC1006.yuv,640x480,8,yuv420p,1
SRC1007.yuv,640x480,8,yuv420p,1
SRC1008.yuv,640x480,8,yuv420p,1
0965.yuv,2040x1312,8,yuv420p,1
0992.yuv,2040x1360,8,yuv420p,1
0919.yuv,2040x1360,8,yuv420p,1
0921.yuv,2040x1360,8,yuv420p,1
0916.yuv,2040x1368,8,yuv420p,1
0904.yuv,2040x1536,8,yuv420p,1
0907.yuv,1504x2040,8,yuv420p,1
0954.yuv,2040x1360,8,yuv420p,1
0911.yuv,2040x1320,8,yuv420p,1
0960.yuv,1536x2040,8,yuv420p,1
0981.yuv,1944x2040,8,yuv420p,1
0975.yuv,1360x2040,8,yuv420p,1
0908.yuv,2040x1360,8,yuv420p,1
0931.yuv,2040x1360,8,yuv420p,1
0953.yuv,2040x1368,8,yuv420p,1
0912.yuv,2040x1080,8,yuv420p,1
0946.yuv,2040x1360,8,yuv420p,1
0976.yuv,2040x1360,8,yuv420p,1
0928.yuv,1360x2040,8,yuv420p,1
0943.yuv,2040x1360,8,yuv420p,1
0973.yuv,2040x1360,8,yuv420p,1
0940.yuv,2040x1320,8,yuv420p,1
0995.yuv,2040x1368,8,yuv420p,1
0983.yuv,1360x2040,8,yuv420p,1
0972.yuv,1360x2040,8,yuv420p,1
0914.yuv,2040x1152,8,yuv420p,1
0951.yuv,2040x1360,8,yuv420p,1
0993.yuv,2040x1000,8,yuv420p,1
0917.yuv,2040x1360,8,yuv420p,1
0930.yuv,2040x1360,8,yuv420p,1
0971.yuv,2040x1360,8,yuv420p,1
0949.yuv,2040x1360,8,yuv420p,1
0947.yuv,2040x1048,8,yuv420p,1
0961.yuv,2040x1360,8,yuv420p,1
0901.yuv,2040x1360,8,yuv420p,1
0938.yuv,2040x1360,8,yuv420p,1
0942.yuv,2040x1360,8,yuv420p,1
0910.yuv,2040x1360,8,yuv420p,1
0978.yuv,2040x1272,8,yuv420p,1
0986.yuv,2040x1536,8,yuv420p,1
0933.yuv,2040x1360,8,yuv420p,1
0927.yuv,2040x1024,8,yuv420p,1
0988.yuv,2040x1360,8,yuv420p,1
0998.yuv,2040x1360,8,yuv420p,1
0997.yuv,2040x1152,8,yuv420p,1
0990.yuv,2040x1360,8,yuv420p,1
0962.yuv,2040x1320,8,yuv420p,1
0982.yuv,2040x1272,8,yuv420p,1
0952.yuv,2040x1360,8,yuv420p,1
0968.yuv,2040x1272,8,yuv420p,1
0937.yuv,2040x1360,8,yuv420p,1
0984.yuv,2040x1152,8,yuv420p,1
0964.yuv,2040x1152,8,yuv420p,1
0989.yuv,2040x1360,8,yuv420p,1
0980.yuv,2040x1360,8,yuv420p,1
0944.yuv,2040x1384,8,yuv420p,1
0963.yuv,2040x1360,8,yuv420p,1
0945.yuv,2040x1536,8,yuv420p,1
0994.yuv,2040x1360,8,yuv420p,1
0939.yuv,2040x1360,8,yuv420p,1
0991.yuv,2040x1624,8,yuv420p,1
0922.yuv,2040x1360,8,yuv420p,1
0902.yuv,2040x1360,8,yuv420p,1
0918.yuv,2040x1360,8,yuv420p,1
0924.yuv,1360x2040,8,yuv420p,1
0935.yuv,2040x1360,8,yuv420p,1
0979.yuv,2040x1368,8,yuv420p,1
0987.yuv,2040x1360,8,yuv420p,1
0923.yuv,2040x1632,8,yuv420p,1
0915.yuv,2040x1360,8,yuv420p,1
0913.yuv,2040x1360,8,yuv420p,1
0966.yuv,2040x1360,8,yuv420p,1
0926.yuv,2040x928,8,yuv420p,1
0957.yuv,2040x1416,8,yuv420p,1
0950.yuv,2040x1360,8,yuv420p,1
0956.yuv,2040x1360,8,yuv420p,1
0959.yuv,2040x1336,8,yuv420p,1
0929.yuv,2040x1360,8,yuv420p,1
0977.yuv,2040x1360,8,yuv420p,1
1000.yuv,2040x1368,8,yuv420p,1
0909.yuv,2040x1368,8,yuv420p,1
0934.yuv,1360x2040,8,yuv420p,1
0996.yuv,1416x2040,8,yuv420p,1
0920.yuv,2040x1368,8,yuv420p,1
0906.yuv,2040x1360,8,yuv420p,1
0925.yuv,2040x1440,8,yuv420p,1
0932.yuv,2040x1360,8,yuv420p,1
0999.yuv,2040x1360,8,yuv420p,1
0985.yuv,2040x1360,8,yuv420p,1
0969.yuv,2040x1032,8,yuv420p,1
0970.yuv,2040x1504,8,yuv420p,1
0974.yuv,2040x1152,8,yuv420p,1
0936.yuv,2040x1456,8,yuv420p,1
0955.yuv,1360x2040,8,yuv420p,1
0948.yuv,1536x2040,8,yuv420p,1
0941.yuv,2040x1536,8,yuv420p,1
0903.yuv,2040x1536,8,yuv420p,1
0905.yuv,2040x1360,8,yuv420p,1
0967.yuv,2040x1320,8,yuv420p,1
0958.yuv,1360x2040,8,yuv420p,1
0149.yuv,2040x1752,8,yuv420p,1
0608.yuv,1360x2040,8,yuv420p,1
0379.yuv,2040x1368,8,yuv420p,1
0179.yuv,2040x1360,8,yuv420p,1
0065.yuv,2040x1192,8,yuv420p,1
0358.yuv,2040x1360,8,yuv420p,1
0178.yuv,2040x1360,8,yuv420p,1
0094.yuv,2040x1272,8,yuv420p,1
0088.yuv,2040x1360,8,yuv420p,1
0638.yuv,2040x1360,8,yuv420p,1
0597.yuv,1360x2040,8,yuv420p,1
0221.yuv,2040x1360,8,yuv420p,1
0233.yuv,2040x1368,8,yuv420p,1
0686.yuv,2040x1360,8,yuv420p,1
0026.yuv,2040x1536,8,yuv420p,1
0198.yuv,2040x1360,8,yuv420p,1
0671.yuv,2040x1360,8,yuv420p,1
0765.yuv,2040x1360,8,yuv420p,1
0725.yuv,2040x1360,8,yuv420p,1
0173.yuv,2040x1360,8,yuv420p,1
0262.yuv,2040x1360,8,yuv420p,1
0140.yuv,2040x1360,8,yuv420p,1
0659.yuv,2040x1360,8,yuv420p,1
0714.yuv,2040x1528,8,yuv420p,1
0219.yuv,2040x1368,8,yuv420p,1
0292.yuv,2040x1360,8,yuv420p,1
0290.yuv,2040x1360,8,yuv420p,1
0385.yuv,1440x2040,8,yuv420p,1
0520.yuv,2040x1360,8,yuv420p,1
0552.yuv,2040x1360,8,yuv420p,1
0637.yuv,2040x1536,8,yuv420p,1
0062.yuv,2040x1432,8,yuv420p,1
0133.yuv,2040x1360,8,yuv420p,1
0377.yuv,2040x1360,8,yuv420p,1
0165.yuv,2040x1360,8,yuv420p,1
0449.yuv,1368x2040,8,yuv420p,1
0084.yuv,2040x1368,8,yuv420p,1
0699.yuv,1576x2040,8,yuv420p,1
0174.yuv,2040x1312,8,yuv420p,1
0744.yuv,2040x1584,8,yuv420p,1
0745.yuv,2040x1144,8,yuv420p,1
0127.yuv,2040x1360,8,yuv420p,1
0415.yuv,1360x2040,8,yuv420p,1
0710.yuv,2040x936,8,yuv420p,1
0311.yuv,2040x1192,8,yuv420p,1
0041.yuv,2040x1360,8,yuv420p,1
0004.yuv,2040x1344,8,yuv420p,1
0620.yuv,2040x1360,8,yuv420p,1
0448.yuv,2040x1536,8,yuv420p,1
0236.yuv,2040x1360,8,yuv420p,1
0548.yuv,2040x1360,8,yuv420p,1
0298.yuv,2040x1224,8,yuv420p,1
0603.yuv,1360x2040,8,yuv420p,1
0711.yuv,2040x1536,8,yuv420p,1
0006.yuv,1360x2040,8,yuv420p,1
0280.yuv,2040x1152,8,yuv420p,1
0406.yuv,1360x2040,8,yuv420p,1
0518.yuv,2040x960,8,yuv420p,1
0670.yuv,1360x2040,8,yuv420p,1
0027.yuv,2040x1552,8,yuv420p,1
0039.yuv,2040x1360,8,yuv420p,1
0018.yuv,2040x1368,8,yuv420p,1
0180.yuv,2040x1360,8,yuv420p,1
0718.yuv,2040x1360,8,yuv420p,1
0788.yuv,2040x1360,8,yuv420p,1
0729.yuv,2040x1360,8,yuv420p,1
0646.yuv,2040x1480,8,yuv420p,1
0168.yuv,2040x1360,8,yuv420p,1
0771.yuv,2040x1360,8,yuv420p,1
0602.yuv,2040x1360,8,yuv420p,1
0489.yuv,2040x1536,8,yuv420p,1
0087.yuv,2040x1360,8,yuv420p,1
0234.yuv,2040x1360,8,yuv420p,1
0544.yuv,2040x1360,8,yuv420p,1
0404.yuv,2040x1632,8,yuv420p,1
0649.yuv,2040x1536,8,yuv420p,1
0209.yuv,2040x1360,8,yuv420p,1
0370.yuv,2040x1360,8,yuv420p,1
0141.yuv,2040x1360,8,yuv420p,1
0767.yuv,2040x1576,8,yuv420p,1
0272.yuv,2040x1192,8,yuv420p,1
0504.yuv,2040x1360,8,yuv420p,1
0493.yuv,2040x1360,8,yuv420p,1
0556.yuv,2040x1360,8,yuv420p,1
0284.yuv,2040x1360,8,yuv420p,1
0326.yuv,2040x1360,8,yuv420p,1
0122.yuv,2040x960,8,yuv420p,1
0230.yuv,2040x1392,8,yuv420p,1
0455.yuv,2040x1128,8,yuv420p,1
0578.yuv,2040x1248,8,yuv420p,1
0644.yuv,2040x1360,8,yuv420p,1
0155.yuv,2040x2040,8,yuv420p,1
0159.yuv,2040x1360,8,yuv420p,1
0540.yuv,2040x1360,8,yuv420p,1
0249.yuv,2040x1360,8,yuv420p,1
0349.yuv,2040x1392,8,yuv420p,1
0569.yuv,2040x1360,8,yuv420p,1
0443.yuv,2040x1360,8,yuv420p,1
0759.yuv,2040x1360,8,yuv420p,1
0375.yuv,1360x2040,8,yuv420p,1
0441.yuv,2040x1192,8,yuv420p,1
0507.yuv,2040x1360,8,yuv420p,1
0397.yuv,2040x1264,8,yuv420p,1
0425.yuv,2040x1360,8,yuv420p,1
0704.yuv,2040x1360,8,yuv420p,1
0297.yuv,2040x1344,8,yuv420p,1
0495.yuv,2040x1360,8,yuv420p,1
0531.yuv,2040x1536,8,yuv420p,1
0555.yuv,2040x1360,8,yuv420p,1
0405.yuv,2040x1360,8,yuv420p,1
0238.yuv,1296x2040,8,yuv420p,1
0609.yuv,2040x1360,8,yuv420p,1
0708.yuv,2040x1360,8,yuv420p,1
0492.yuv,2040x1360,8,yuv420p,1
0737.yuv,2040x1360,8,yuv420p,1
0527.yuv,2040x1048,8,yuv420p,1
0732.yuv,2040x1536,8,yuv420p,1
0077.yuv,2040x1360,8,yuv420p,1
0776.yuv,2040x1536,8,yuv420p,1
0764.yuv,2040x1344,8,yuv420p,1
0244.yuv,2040x1536,8,yuv420p,1
0650.yuv,2040x1456,8,yuv420p,1
0629.yuv,2040x1464,8,yuv420p,1
0154.yuv,2040x1360,8,yuv420p,1
0526.yuv,2040x1360,8,yuv420p,1
0677.yuv,2040x1384,8,yuv420p,1
0487.yuv,2040x1360,8,yuv420p,1
0363.yuv,2040x1360,8,yuv420p,1
0534.yuv,2040x1224,8,yuv420p,1
0082.yuv,2040x1216,8,yuv420p,1
0481.yuv,2040x1368,8,yuv420p,1
0730.yuv,2040x1360,8,yuv420p,1
0047.yuv,2040x1360,8,yuv420p,1
0057.yuv,2040x1360,8,yuv420p,1
0607.yuv,2040x1360,8,yuv420p,1
0576.yuv,2040x1360,8,yuv420p,1
0568.yuv,1824x2040,8,yuv420p,1
0501.yuv,2040x1360,8,yuv420p,1
0302.yuv,2040x1360,8,yuv420p,1
0447.yuv,2040x1696,8,yuv420p,1
0604.yuv,2040x1360,8,yuv420p,1
0032.yuv,2040x1360,8,yuv420p,1
0683.yuv,2040x1360,8,yuv420p,1
0124.yuv,1360x2040,8,yuv420p,1
0347.yuv,2040x1800,8,yuv420p,1
0350.yuv,1120x2040,8,yuv420p,1
0505.yuv,2040x1144,8,yuv420p,1
0002.yuv,2040x1848,8,yuv420p,1
0794.yuv,2040x1272,8,yuv420p,1
0437.yuv,2040x648,8,yuv420p,1
0396.yuv,2040x1360,8,yuv420p,1
0013.yuv,2040x1368,8,yuv420p,1
0128.yuv,2040x1288,8,yuv420p,1
0430.yuv,2040x1368,8,yuv420p,1
0185.yuv,2040x1152,8,yuv420p,1
0473.yuv,2040x1360,8,yuv420p,1
0685.yuv,2040x1080,8,yuv420p,1
0739.yuv,2040x1360,8,yuv420p,1
0743.yuv,2040x1360,8,yuv420p,1
0651.yuv,2040x1224,8,yuv420p,1
0460.yuv,1944x2040,8,yuv420p,1
0014.yuv,1360x2040,8,yuv420p,1
0596.yuv,2040x1360,8,yuv420p,1
0563.yuv,2040x1360,8,yuv420p,1
0314.yuv,2040x1360,8,yuv420p,1
0369.yuv,2040x1360,8,yuv420p,1
0074.yuv,2040x1360,8,yuv420p,1
0522.yuv,1360x2040,8,yuv420p,1
0206.yuv,2040x1360,8,yuv420p,1
0398.yuv,2040x1360,8,yuv420p,1
0424.yuv,2040x1360,8,yuv420p,1
0307.yuv,2040x1360,8,yuv420p,1
0445.yuv,2040x1360,8,yuv420p,1
0268.yuv,2040x1360,8,yuv420p,1
0371.yuv,2040x1360,8,yuv420p,1
0570.yuv,2040x1360,8,yuv420p,1
0610.yuv,2040x1440,8,yuv420p,1
0442.yuv,2040x1360,8,yuv420p,1
0475.yuv,2040x1360,8,yuv420p,1
0095.yuv,2040x1360,8,yuv420p,1
0416.yuv,2040x1360,8,yuv420p,1
0336.yuv,2040x1360,8,yuv420p,1
0273.yuv,2040x1360,8,yuv420p,1
0660.yuv,2040x1360,8,yuv420p,1
0207.yuv,2040x1360,8,yuv420p,1
0378.yuv,2040x1536,8,yuv420p,1
0228.yuv,2040x1360,8,yuv420p,1
0265.yuv,2040x1360,8,yuv420p,1
0658.yuv,2040x1360,8,yuv420p,1
0728.yuv,2040x1368,8,yuv420p,1
0360.yuv,2040x2008,8,yuv420p,1
0457.yuv,1168x2040,8,yuv420p,1
0106.yuv,2040x1152,8,yuv420p,1
0186.yuv,2040x1360,8,yuv420p,1
0352.yuv,2040x888,8,yuv420p,1
0196.yuv,2040x1360,8,yuv420p,1
0251.yuv,2040x1360,8,yuv420p,1
0775.yuv,2040x1360,8,yuv420p,1
0224.yuv,2040x1360,8,yuv420p,1
0717.yuv,2040x1360,8,yuv420p,1
0285.yuv,1240x2040,8,yuv420p,1
0499.yuv,2040x1360,8,yuv420p,1
0736.yuv,2040x1456,8,yuv420p,1
0605.yuv,2040x1432,8,yuv420p,1
0033.yuv,2040x1360,8,yuv420p,1
0210.yuv,2040x1360,8,yuv420p,1
0361.yuv,1536x2040,8,yuv420p,1
0402.yuv,2040x1360,8,yuv420p,1
0076.yuv,2040x1576,8,yuv420p,1
0176.yuv,2040x1648,8,yuv420p,1
0471.yuv,2040x1360,8,yuv420p,1
0156.yuv,2040x1360,8,yuv420p,1
0669.yuv,2040x1536,8,yuv420p,1
0427.yuv,2040x1360,8,yuv420p,1
0134.yuv,1776x2040,8,yuv420p,1
0217.yuv,2040x2040,8,yuv420p,1
0490.yuv,2040x1360,8,yuv420p,1
0162.yuv,1368x2040,8,yuv420p,1
0103.yuv,2040x1144,8,yuv420p,1
0058.yuv,2040x1360,8,yuv420p,1
0111.yuv,2040x1360,8,yuv420p,1
0043.yuv,2040x1360,8,yuv420p,1
0253.yuv,2040x1360,8,yuv420p,1
0324.yuv,1360x2040,8,yuv420p,1
0123.yuv,2040x1536,8,yuv420p,1
0121.yuv,2040x1360,8,yuv420p,1
0114.yuv,1368x2040,8,yuv420p,1
0204.yuv,2040x1264,8,yuv420p,1
0237.yuv,2040x1144,8,yuv420p,1
0508.yuv,1368x2040,8,yuv420p,1
0365.yuv,2040x1216,8,yuv420p,1
0423.yuv,2040x1360,8,yuv420p,1
0308.yuv,2040x1360,8,yuv420p,1
0452.yuv,2040x1432,8,yuv420p,1
0567.yuv,2040x1360,8,yuv420p,1
0050.yuv,2040x1360,8,yuv420p,1
0793.yuv,2040x1488,8,yuv420p,1
0145.yuv,2040x736,8,yuv420p,1
0408.yuv,2040x1464,8,yuv420p,1
0483.yuv,2040x1360,8,yuv420p,1
0614.yuv,1360x2040,8,yuv420p,1
0738.yuv,2040x1360,8,yuv420p,1
0045.yuv,2040x1144,8,yuv420p,1
0132.yuv,2040x1296,8,yuv420p,1
0387.yuv,2040x976,8,yuv420p,1
0310.yuv,2040x1360,8,yuv420p,1
0543.yuv,1360x2040,8,yuv420p,1
0751.yuv,2040x1360,8,yuv420p,1
0184.yuv,2040x1360,8,yuv420p,1
0291.yuv,2040x1264,8,yuv420p,1
0611.yuv,2040x1360,8,yuv420p,1
0160.yuv,2040x1360,8,yuv420p,1
0056.yuv,2040x1384,8,yuv420p,1
0703.yuv,1360x2040,8,yuv420p,1
0580.yuv,2040x1344,8,yuv420p,1
0338.yuv,2040x1360,8,yuv420p,1
0083.yuv,2040x1168,8,yuv420p,1
0515.yuv,2040x1360,8,yuv420p,1
0719.yuv,2040x1360,8,yuv420p,1
0433.yuv,2040x1360,8,yuv420p,1
0785.yuv,2040x1224,8,yuv420p,1
0304.yuv,2040x1224,8,yuv420p,1
0167.yuv,1360x2040,8,yuv420p,1
0777.yuv,2040x1536,8,yuv420p,1
0496.yuv,2040x1360,8,yuv420p,1
0521.yuv,1368x2040,8,yuv420p,1
0420.yuv,1536x2040,8,yuv420p,1
0203.yuv,2040x1360,8,yuv420p,1
0482.yuv,2040x1488,8,yuv420p,1
0533.yuv,2040x1360,8,yuv420p,1
0720.yuv,2040x1360,8,yuv420p,1
0757.yuv,1432x2040,8,yuv420p,1
0317.yuv,2040x1360,8,yuv420p,1
0181.yuv,2040x1536,8,yuv420p,1
0458.yuv,2040x1360,8,yuv420p,1
0562.yuv,2040x1360,8,yuv420p,1
0021.yuv,2040x768,8,yuv420p,1
0712.yuv,2040x1792,8,yuv420p,1
0255.yuv,2040x1360,8,yuv420p,1
0654.yuv,2040x1344,8,yuv420p,1
0271.yuv,2040x1536,8,yuv420p,1
0245.yuv,2040x1536,8,yuv420p,1
0450.yuv,2040x2040,8,yuv420p,1
0046.yuv,1360x2040,8,yuv420p,1
0517.yuv,2040x1536,8,yuv420p,1
0665.yuv,2040x1360,8,yuv420p,1
0795.yuv,2040x1152,8,yuv420p,1
0382.yuv,2040x1360,8,yuv420p,1
0721.yuv,2040x1360,8,yuv420p,1
0731.yuv,2040x1360,8,yuv420p,1
0315.yuv,2040x1200,8,yuv420p,1
0097.yuv,2040x1192,8,yuv420p,1
0010.yuv,2040x1648,8,yuv420p,1
0411.yuv,2040x1264,8,yuv420p,1
0413.yuv,2040x1368,8,yuv420p,1
0068.yuv,2040x1384,8,yuv420p,1
0342.yuv,2040x1360,8,yuv420p,1
0524.yuv,2040x1360,8,yuv420p,1
0514.yuv,2040x1368,8,yuv420p,1
0388.yuv,2040x1360,8,yuv420p,1
0787.yuv,2040x1360,8,yuv420p,1
0642.yuv,2040x1360,8,yuv420p,1
0079.yuv,2040x1360,8,yuv420p,1
0005.yuv,1608x2040,8,yuv420p,1
0746.yuv,2040x1360,8,yuv420p,1
0215.yuv,2040x1560,8,yuv420p,1
0546.yuv,2040x1536,8,yuv420p,1
0266.yuv,2040x1360,8,yuv420p,1
0633.yuv,2040x1360,8,yuv420p,1
0117.yuv,2040x1360,8,yuv420p,1
0582.yuv,2040x1360,8,yuv420p,1
0799.yuv,2040x1360,8,yuv420p,1
0092.yuv,2040x1152,8,yuv420p,1
0701.yuv,2040x1344,8,yuv420p,1
0024.yuv,2040x1360,8,yuv420p,1
0553.yuv,2040x1360,8,yuv420p,1
0351.yuv,2040x1360,8,yuv420p,1
0421.yuv,1528x2040,8,yuv420p,1
0664.yuv,2040x1632,8,yuv420p,1
0029.yuv,2040x1360,8,yuv420p,1
0075.yuv,2040x1360,8,yuv420p,1
0643.yuv,2040x1536,8,yuv420p,1
0440.yuv,2040x1360,8,yuv420p,1
0560.yuv,2040x1096,8,yuv420p,1
0532.yuv,1360x2040,8,yuv420p,1
0593.yuv,2040x1360,8,yuv420p,1
0598.yuv,2040x1360,8,yuv420p,1
0258.yuv,2040x1360,8,yuv420p,1
0707.yuv,2040x1360,8,yuv420p,1
0539.yuv,2040x1368,8,yuv420p,1
0674.yuv,2040x1360,8,yuv420p,1
0277.yuv,2040x1360,8,yuv420p,1
0327.yuv,2040x1152,8,yuv420p,1
0601.yuv,2040x1360,8,yuv420p,1
0474.yuv,2040x1360,8,yuv420p,1
0503.yuv,2040x1360,8,yuv420p,1
0762.yuv,2040x1296,8,yuv420p,1
0715.yuv,2040x1336,8,yuv420p,1
0175.yuv,2040x1072,8,yuv420p,1
0407.yuv,2040x1360,8,yuv420p,1
0372.yuv,2040x1144,8,yuv420p,1
0537.yuv,2040x1360,8,yuv420p,1
0559.yuv,2040x1536,8,yuv420p,1
0214.yuv,2040x1360,8,yuv420p,1
0780.yuv,2040x1360,8,yuv420p,1
0104.yuv,2040x1320,8,yuv420p,1
0513.yuv,2040x2040,8,yuv420p,1
0689.yuv,2040x1360,8,yuv420p,1
0330.yuv,2040x1144,8,yuv420p,1
0545.yuv,1992x2040,8,yuv420p,1
0672.yuv,2040x1312,8,yuv420p,1
0177.yuv,2040x1360,8,yuv420p,1
0519.yuv,2040x1360,8,yuv420p,1
0003.yuv,2040x1360,8,yuv420p,1
0418.yuv,2040x1360,8,yuv420p,1
0506.yuv,2040x1360,8,yuv420p,1
0170.yuv,2040x1152,8,yuv420p,1
0476.yuv,2040x1456,8,yuv420p,1
0758.yuv,2040x1360,8,yuv420p,1
0733.yuv,2040x1312,8,yuv420p,1
0049.yuv,2040x1360,8,yuv420p,1
0554.yuv,2040x1336,8,yuv420p,1
0015.yuv,2040x1360,8,yuv420p,1
0786.yuv,2040x1360,8,yuv420p,1
0766.yuv,2040x1360,8,yuv420p,1
0768.yuv,2040x1360,8,yuv420p,1
0628.yuv,1632x2040,8,yuv420p,1
0687.yuv,2040x1536,8,yuv420p,1
0734.yuv,1360x2040,8,yuv420p,1
0749.yuv,2040x1336,8,yuv420p,1
0800.yuv,2040x1336,8,yuv420p,1
0263.yuv,2040x1336,8,yuv420p,1
0289.yuv,1360x2040,8,yuv420p,1
0171.yuv,2040x1536,8,yuv420p,1
0585.yuv,2040x1248,8,yuv420p,1
0698.yuv,1968x2040,8,yuv420p,1
0392.yuv,2040x1152,8,yuv420p,1
0153.yuv,2040x1360,8,yuv420p,1
0681.yuv,2040x1360,8,yuv420p,1
0586.yuv,1432x2040,8,yuv420p,1
0362.yuv,2040x1464,8,yuv420p,1
0435.yuv,2040x1360,8,yuv420p,1
0359.yuv,2040x1360,8,yuv420p,1
0497.yuv,2040x1360,8,yuv420p,1
0589.yuv,2040x1360,8,yuv420p,1
0071.yuv,1360x2040,8,yuv420p,1
0772.yuv,2040x1360,8,yuv420p,1
0542.yuv,2040x1144,8,yuv420p,1
0248.yuv,2040x1360,8,yuv420p,1
0528.yuv,2040x1536,8,yuv420p,1
0394.yuv,2040x1536,8,yuv420p,1
0059.yuv,1648x2040,8,yuv420p,1
0414.yuv,1360x2040,8,yuv420p,1
0091.yuv,2040x1536,8,yuv420p,1
0688.yuv,2040x1360,8,yuv420p,1
0384.yuv,2040x1360,8,yuv420p,1
0510.yuv,2040x1360,8,yuv420p,1
0321.yuv,2040x1360,8,yuv420p,1
0538.yuv,2040x1360,8,yuv420p,1
0439.yuv,2040x1392,8,yuv420p,1
0797.yuv,2040x1416,8,yuv420p,1
0760.yuv,1360x2040,8,yuv420p,1
0294.yuv,2040x1360,8,yuv420p,1
0218.yuv,2040x1360,8,yuv420p,1
0706.yuv,2040x1368,8,yuv420p,1
0353.yuv,2040x1536,8,yuv420p,1
0312.yuv,1720x2040,8,yuv420p,1
0426.yuv,2040x1168,8,yuv420p,1
0575.yuv,2040x1360,8,yuv420p,1
0357.yuv,2040x1176,8,yuv420p,1
0577.yuv,1344x2040,8,yuv420p,1
0053.yuv,2040x1360,8,yuv420p,1
0343.yuv,2040x1200,8,yuv420p,1
0509.yuv,2040x1368,8,yuv420p,1
0166.yuv,2040x1360,8,yuv420p,1
0301.yuv,2040x1360,8,yuv420p,1
0240.yuv,2040x1840,8,yuv420p,1
0022.yuv,2040x960,8,yuv420p,1
0306.yuv,2040x1360,8,yuv420p,1
0438.yuv,2040x1360,8,yuv420p,1
0309.yuv,2040x1360,8,yuv420p,1
0778.yuv,2040x1360,8,yuv420p,1
0017.yuv,2040x1360,8,yuv420p,1
0011.yuv,2040x1360,8,yuv420p,1
0500.yuv,2040x2040,8,yuv420p,1
0283.yuv,2040x1360,8,yuv420p,1
0529.yuv,2040x1360,8,yuv420p,1
0028.yuv,2040x1992,8,yuv420p,1
0798.yuv,2040x1360,8,yuv420p,1
0696.yuv,1360x2040,8,yuv420p,1
0541.yuv,2040x1368,8,yuv420p,1
0434.yuv,2040x1224,8,yuv420p,1
0374.yuv,1632x2040,8,yuv420p,1
0724.yuv,1360x2040,8,yuv420p,1
0422.yuv,1360x2040,8,yuv420p,1
0225.yuv,2040x1360,8,yuv420p,1
0085.yuv,2040x1360,8,yuv420p,1
0051.yuv,2040x1368,8,yuv420p,1
0634.yuv,2040x1360,8,yuv420p,1
0390.yuv,2040x1312,8,yuv420p,1
0348.yuv,2040x1264,8,yuv420p,1
0231.yuv,2040x1360,8,yuv420p,1
0090.yuv,2040x1360,8,yuv420p,1
0241.yuv,2040x1360,8,yuv420p,1
0282.yuv,2040x1360,8,yuv420p,1
0100.yuv,2040x1360,8,yuv420p,1
0080.yuv,2040x1336,8,yuv420p,1
0572.yuv,2040x1360,8,yuv420p,1
0213.yuv,2040x1360,8,yuv420p,1
0288.yuv,2040x1360,8,yuv420p,1
0516.yuv,2040x1536,8,yuv420p,1
0242.yuv,2040x1360,8,yuv420p,1
0709.yuv,2040x1360,8,yuv420p,1
0583.yuv,2040x1192,8,yuv420p,1
0142.yuv,2040x1360,8,yuv420p,1
0618.yuv,2040x1360,8,yuv420p,1
0682.yuv,2040x1368,8,yuv420p,1
0619.yuv,2040x1528,8,yuv420p,1
0376.yuv,2040x1360,8,yuv420p,1
0052.yuv,2040x1360,8,yuv420p,1
0595.yuv,2040x1432,8,yuv420p,1
0627.yuv,2040x864,8,yuv420p,1
0389.yuv,2040x1360,8,yuv420p,1
0796.yuv,2040x1360,8,yuv420p,1
0655.yuv,2040x1360,8,yuv420p,1
0400.yuv,2040x1288,8,yuv420p,1
0197.yuv,2040x1360,8,yuv420p,1
0641.yuv,2040x1360,8,yuv420p,1
0099.yuv,2040x1536,8,yuv420p,1
0695.yuv,2040x1360,8,yuv420p,1
0038.yuv,2040x1224,8,yuv420p,1
0463.yuv,2040x1368,8,yuv420p,1
0472.yuv,2040x1360,8,yuv420p,1
0069.yuv,1248x2040,8,yuv420p,1
0256.yuv,2040x1360,8,yuv420p,1
0784.yuv,2040x1360,8,yuv420p,1
0340.yuv,2040x744,8,yuv420p,1
0782.yuv,1632x2040,8,yuv420p,1
0131.yuv,2040x1360,8,yuv420p,1
0779.yuv,2040x1360,8,yuv420p,1
0023.yuv,2040x1360,8,yuv420p,1
0152.yuv,2040x1360,8,yuv420p,1
0354.yuv,2040x1360,8,yuv420p,1
0691.yuv,2040x1360,8,yuv420p,1
0344.yuv,1360x2040,8,yuv420p,1
0060.yuv,2040x1224,8,yuv420p,1
0246.yuv,1360x2040,8,yuv420p,1
0036.yuv,2040x1536,8,yuv420p,1
0484.yuv,2040x1360,8,yuv420p,1
0626.yuv,2040x1360,8,yuv420p,1
0034.yuv,2040x1360,8,yuv420p,1
0550.yuv,2040x1224,8,yuv420p,1
0191.yuv,2040x1152,8,yuv420p,1
0007.yuv,2040x1360,8,yuv420p,1
0769.yuv,2040x1360,8,yuv420p,1
0275.yuv,2040x1360,8,yuv420p,1
0012.yuv,2040x1360,8,yuv420p,1
0252.yuv,2040x1360,8,yuv420p,1
0364.yuv,2040x1360,8,yuv420p,1
0502.yuv,2040x1360,8,yuv420p,1
0125.yuv,2040x1360,8,yuv420p,1
0031.yuv,2040x1360,8,yuv420p,1
0673.yuv,2040x1152,8,yuv420p,1
0401.yuv,2040x1360,8,yuv420p,1
0436.yuv,2040x1360,8,yuv420p,1
0702.yuv,2040x1320,8,yuv420p,1
0260.yuv,2040x1360,8,yuv420p,1
0381.yuv,2040x1456,8,yuv420p,1
0459.yuv,2040x1360,8,yuv420p,1
0102.yuv,2040x1368,8,yuv420p,1
0612.yuv,2040x1192,8,yuv420p,1
0333.yuv,2040x1360,8,yuv420p,1
0030.yuv,2040x1272,8,yuv420p,1
0625.yuv,1360x2040,8,yuv420p,1
0063.yuv,2040x1584,8,yuv420p,1
0722.yuv,2040x1360,8,yuv420p,1
0183.yuv,2040x1360,8,yuv420p,1
0454.yuv,2040x1360,8,yuv420p,1
0639.yuv,2040x1360,8,yuv420p,1
0410.yuv,1360x2040,8,yuv420p,1
0322.yuv,2040x1648,8,yuv420p,1
0558.yuv,2040x1360,8,yuv420p,1
0202.yuv,2040x1360,8,yuv420p,1
0086.yuv,2040x1360,8,yuv420p,1
0647.yuv,2040x1360,8,yuv420p,1
0466.yuv,2040x1360,8,yuv420p,1
0485.yuv,2040x1360,8,yuv420p,1
0147.yuv,2040x1656,8,yuv420p,1
0383.yuv,2040x1512,8,yuv420p,1
0571.yuv,2040x1360,8,yuv420p,1
0120.yuv,2040x1360,8,yuv420p,1
0329.yuv,1360x2040,8,yuv420p,1
0606.yuv,2040x1360,8,yuv420p,1
0164.yuv,2040x1360,8,yuv420p,1
0692.yuv,2040x1360,8,yuv420p,1
0089.yuv,1536x2040,8,yuv420p,1
0158.yuv,2040x1224,8,yuv420p,1
0020.yuv,2040x1392,8,yuv420p,1
0135.yuv,2040x1344,8,yuv420p,1
0211.yuv,2040x1360,8,yuv420p,1
0054.yuv,2040x1336,8,yuv420p,1
0679.yuv,2040x1464,8,yuv420p,1
0535.yuv,2040x1288,8,yuv420p,1
0316.yuv,2040x1336,8,yuv420p,1
0467.yuv,1360x2040,8,yuv420p,1
0300.yuv,2040x1320,8,yuv420p,1
0305.yuv,2040x1360,8,yuv420p,1
0212.yuv,2040x1536,8,yuv420p,1
0479.yuv,2040x1360,8,yuv420p,1
0412.yuv,2040x1360,8,yuv420p,1
0630.yuv,2040x1360,8,yuv420p,1
0465.yuv,2040x1152,8,yuv420p,1
0287.yuv,2040x1360,8,yuv420p,1
0742.yuv,2040x1360,8,yuv420p,1
0130.yuv,2040x1360,8,yuv420p,1
0098.yuv,2040x1536,8,yuv420p,1
0254.yuv,2040x1360,8,yuv420p,1
0613.yuv,2040x1584,8,yuv420p,1
0073.yuv,2040x1144,8,yuv420p,1
0403.yuv,2040x1360,8,yuv420p,1
0208.yuv,2040x1360,8,yuv420p,1
0016.yuv,2040x1360,8,yuv420p,1
0399.yuv,1360x2040,8,yuv420p,1
0428.yuv,2040x1360,8,yuv420p,1
0640.yuv,2040x1360,8,yuv420p,1
0067.yuv,2040x1320,8,yuv420p,1
0468.yuv,2040x1360,8,yuv420p,1
0590.yuv,1360x2040,8,yuv420p,1
0187.yuv,2040x1360,8,yuv420p,1
0109.yuv,2040x1360,8,yuv420p,1
0662.yuv,2040x1360,8,yuv420p,1
0464.yuv,2040x1360,8,yuv420p,1
0417.yuv,2040x1360,8,yuv420p,1
0190.yuv,2040x1360,8,yuv420p,1
0189.yuv,2040x1360,8,yuv420p,1
0653.yuv,2040x1584,8,yuv420p,1
0386.yuv,2040x1360,8,yuv420p,1
0328.yuv,2040x1360,8,yuv420p,1
0331.yuv,1360x2040,8,yuv420p,1
0774.yuv,2040x1360,8,yuv420p,1
0600.yuv,2040x1536,8,yuv420p,1
0232.yuv,2040x1360,8,yuv420p,1
0172.yuv,2040x1264,8,yuv420p,1
0295.yuv,2040x1360,8,yuv420p,1
0791.yuv,2040x1360,8,yuv420p,1
0195.yuv,2040x1360,8,yuv420p,1
0756.yuv,2040x1360,8,yuv420p,1
0373.yuv,1360x2040,8,yuv420p,1
0035.yuv,2040x1360,8,yuv420p,1
0286.yuv,2040x1536,8,yuv420p,1
0755.yuv,2040x1360,8,yuv420p,1
0494.yuv,2040x1360,8,yuv420p,1
0663.yuv,2040x1360,8,yuv420p,1
0694.yuv,1360x2040,8,yuv420p,1
0588.yuv,2040x1360,8,yuv420p,1
0093.yuv,2040x1368,8,yuv420p,1
0393.yuv,2040x1360,8,yuv420p,1
0697.yuv,2040x1360,8,yuv420p,1
0078.yuv,2040x1360,8,yuv420p,1
0270.yuv,2040x1360,8,yuv420p,1
0380.yuv,2040x1272,8,yuv420p,1
0188.yuv,2040x1552,8,yuv420p,1
0070.yuv,2040x1360,8,yuv420p,1
0656.yuv,2040x1320,8,yuv420p,1
0115.yuv,2040x1536,8,yuv420p,1
0001.yuv,2040x1408,8,yuv420p,1
0303.yuv,2040x1360,8,yuv420p,1
0281.yuv,2040x1152,8,yuv420p,1
0453.yuv,2040x1536,8,yuv420p,1
0163.yuv,2040x1360,8,yuv420p,1
0222.yuv,2040x1168,8,yuv420p,1
0579.yuv,2040x1152,8,yuv420p,1
0201.yuv,2040x1536,8,yuv420p,1
0753.yuv,2040x1536,8,yuv420p,1
0129.yuv,2040x1360,8,yuv420p,1
0792.yuv,2040x1360,8,yuv420p,1
0226.yuv,2040x1360,8,yuv420p,1
0480.yuv,2040x1360,8,yuv420p,1
0648.yuv,2040x1360,8,yuv420p,1
0478.yuv,2040x1360,8,yuv420p,1
0617.yuv,2040x1360,8,yuv420p,1
0037.yuv,2040x1360,8,yuv420p,1
0042.yuv,2040x1360,8,yuv420p,1
0690.yuv,1360x2040,8,yuv420p,1
0636.yuv,2040x1360,8,yuv420p,1
0409.yuv,2040x1368,8,yuv420p,1
0462.yuv,2040x1360,8,yuv420p,1
0229.yuv,2040x1296,8,yuv420p,1
0267.yuv,2040x1360,8,yuv420p,1
0680.yuv,2040x1216,8,yuv420p,1
0616.yuv,2040x1368,8,yuv420p,1
0705.yuv,2040x1360,8,yuv420p,1
0661.yuv,2040x1296,8,yuv420p,1
0631.yuv,2040x1360,8,yuv420p,1
0511.yuv,2040x1152,8,yuv420p,1
0081.yuv,2040x1360,8,yuv420p,1
0113.yuv,2040x1368,8,yuv420p,1
0040.yuv,2040x1360,8,yuv420p,1
0566.yuv,2040x1368,8,yuv420p,1
0169.yuv,2040x1360,8,yuv420p,1
0622.yuv,2040x1456,8,yuv420p,1
0110.yuv,2040x1360,8,yuv420p,1
0108.yuv,2040x1536,8,yuv420p,1
0066.yuv,2040x1360,8,yuv420p,1
0296.yuv,2040x1360,8,yuv420p,1
0667.yuv,2040x1360,8,yuv420p,1
0491.yuv,2040x1368,8,yuv420p,1
0432.yuv,2040x1360,8,yuv420p,1
0573.yuv,2040x1360,8,yuv420p,1
0748.yuv,2040x1536,8,yuv420p,1
0536.yuv,2040x1360,8,yuv420p,1
0584.yuv,2040x1360,8,yuv420p,1
0126.yuv,2040x1464,8,yuv420p,1
0259.yuv,2040x1296,8,yuv420p,1
0565.yuv,1360x2040,8,yuv420p,1
0335.yuv,2040x1272,8,yuv420p,1
0632.yuv,2040x1360,8,yuv420p,1
0318.yuv,2040x1360,8,yuv420p,1
0549.yuv,2040x1360,8,yuv420p,1
0139.yuv,2040x952,8,yuv420p,1
0675.yuv,2040x1360,8,yuv420p,1
0274.yuv,2040x1360,8,yuv420p,1
0564.yuv,2040x1608,8,yuv420p,1
0486.yuv,2040x1536,8,yuv420p,1
0146.yuv,2040x1360,8,yuv420p,1
0136.yuv,2040x1360,8,yuv420p,1
0008.yuv,2040x1360,8,yuv420p,1
0666.yuv,1480x2040,8,yuv420p,1
0119.yuv,1360x2040,8,yuv420p,1
0243.yuv,2040x784,8,yuv420p,1
0337.yuv,1632x2040,8,yuv420p,1
0339.yuv,2040x1360,8,yuv420p,1
0332.yuv,2040x1224,8,yuv420p,1
0192.yuv,2040x1456,8,yuv420p,1
0105.yuv,2040x1296,8,yuv420p,1
0313.yuv,1360x2040,8,yuv420p,1
0451.yuv,1360x2040,8,yuv420p,1
0019.yuv,2040x1536,8,yuv420p,1
0587.yuv,2040x1368,8,yuv420p,1
0200.yuv,2040x1360,8,yuv420p,1
0239.yuv,2040x1152,8,yuv420p,1
0148.yuv,2040x1360,8,yuv420p,1
0594.yuv,2040x1360,8,yuv420p,1
0668.yuv,2040x1360,8,yuv420p,1
0624.yuv,1360x2040,8,yuv420p,1
0325.yuv,2040x1360,8,yuv420p,1
0752.yuv,1176x2040,8,yuv420p,1
0261.yuv,2040x1360,8,yuv420p,1
0693.yuv,2040x1536,8,yuv420p,1
0591.yuv,2040x1216,8,yuv420p,1
0747.yuv,2040x1464,8,yuv420p,1
0276.yuv,2040x1360,8,yuv420p,1
0761.yuv,2040x1440,8,yuv420p,1
0395.yuv,2040x1360,8,yuv420p,1
0716.yuv,2040x2040,8,yuv420p,1
0770.yuv,2040x1360,8,yuv420p,1
0101.yuv,2040x1512,8,yuv420p,1
0257.yuv,2040x1360,8,yuv420p,1
0157.yuv,2040x1360,8,yuv420p,1
0391.yuv,2040x1360,8,yuv420p,1
0150.yuv,1168x2040,8,yuv420p,1
0138.yuv,2040x1360,8,yuv420p,1
0247.yuv,2040x1360,8,yuv420p,1
0182.yuv,2040x1248,8,yuv420p,1
0790.yuv,2040x1360,8,yuv420p,1
0112.yuv,1360x2040,8,yuv420p,1
0574.yuv,2040x1336,8,yuv420p,1
0789.yuv,2040x1264,8,yuv420p,1
0107.yuv,2040x1360,8,yuv420p,1
0205.yuv,2040x856,8,yuv420p,1
0498.yuv,2040x1360,8,yuv420p,1
0334.yuv,2040x1360,8,yuv420p,1
0530.yuv,2040x1360,8,yuv420p,1
0143.yuv,2040x1360,8,yuv420p,1
0726.yuv,2040x1152,8,yuv420p,1
0781.yuv,2040x1360,8,yuv420p,1
0735.yuv,2040x1536,8,yuv420p,1
0461.yuv,1440x2040,8,yuv420p,1
0763.yuv,2040x1536,8,yuv420p,1
0419.yuv,2040x1536,8,yuv420p,1
0621.yuv,2040x1360,8,yuv420p,1
0193.yuv,2040x1360,8,yuv420p,1
0773.yuv,2040x1360,8,yuv420p,1
0151.yuv,2040x1360,8,yuv420p,1
0064.yuv,2040x1360,8,yuv420p,1
0523.yuv,2040x888,8,yuv420p,1
0623.yuv,2040x1360,8,yuv420p,1
0346.yuv,2040x1360,8,yuv420p,1
0299.yuv,2040x1392,8,yuv420p,1
0161.yuv,2040x1264,8,yuv420p,1
0269.yuv,2040x1632,8,yuv420p,1
0512.yuv,2040x1456,8,yuv420p,1
0599.yuv,2040x1360,8,yuv420p,1
0072.yuv,2040x1360,8,yuv420p,1
0754.yuv,2040x1360,8,yuv420p,1
0194.yuv,2040x1360,8,yuv420p,1
0615.yuv,1360x2040,8,yuv420p,1
0096.yuv,2040x1360,8,yuv420p,1
0446.yuv,2040x1360,8,yuv420p,1
0444.yuv,2040x1360,8,yuv420p,1
0700.yuv,2040x1728,8,yuv420p,1
0220.yuv,2040x1360,8,yuv420p,1
0645.yuv,2040x1360,8,yuv420p,1
0429.yuv,2040x1536,8,yuv420p,1
0551.yuv,2040x1360,8,yuv420p,1
0293.yuv,2040x1152,8,yuv420p,1
0740.yuv,2040x1360,8,yuv420p,1
0137.yuv,2040x1336,8,yuv420p,1
0488.yuv,1360x2040,8,yuv420p,1
0199.yuv,2040x1552,8,yuv420p,1
0678.yuv,2040x1456,8,yuv420p,1
0216.yuv,2040x1632,8,yuv420p,1
0657.yuv,2040x1536,8,yuv420p,1
0723.yuv,2040x1360,8,yuv420p,1
0783.yuv,2040x1368,8,yuv420p,1
0227.yuv,1360x2040,8,yuv420p,1
0470.yuv,2040x1360,8,yuv420p,1
0477.yuv,2040x1360,8,yuv420p,1
0557.yuv,2040x1152,8,yuv420p,1
0525.yuv,2040x1360,8,yuv420p,1
0319.yuv,2040x1360,8,yuv420p,1
0750.yuv,2040x1360,8,yuv420p,1
0355.yuv,2040x1360,8,yuv420p,1
0456.yuv,2040x1360,8,yuv420p,1
0676.yuv,2040x1344,8,yuv420p,1
0264.yuv,2040x1360,8,yuv420p,1
0684.yuv,2040x1360,8,yuv420p,1
0356.yuv,2040x1272,8,yuv420p,1
0048.yuv,2040x1360,8,yuv420p,1
0118.yuv,2040x1488,8,yuv420p,1
0368.yuv,2040x1360,8,yuv420p,1
0144.yuv,2040x1360,8,yuv420p,1
0469.yuv,1360x2040,8,yuv420p,1
0635.yuv,2040x1368,8,yuv420p,1
0116.yuv,2040x1360,8,yuv420p,1
0366.yuv,2040x1360,8,yuv420p,1
0055.yuv,2040x1152,8,yuv420p,1
0741.yuv,1320x2040,8,yuv420p,1
0223.yuv,2040x1360,8,yuv420p,1
0061.yuv,1288x2040,8,yuv420p,1
0279.yuv,2040x1360,8,yuv420p,1
0320.yuv,2040x1360,8,yuv420p,1
0235.yuv,2040x1360,8,yuv420p,1
0044.yuv,2040x2040,8,yuv420p,1
0581.yuv,2040x1072,8,yuv420p,1
0341.yuv,2040x1440,8,yuv420p,1
0250.yuv,2040x1360,8,yuv420p,1
0323.yuv,2040x1360,8,yuv420p,1
0713.yuv,2040x1344,8,yuv420p,1
0345.yuv,2040x1360,8,yuv420p,1
0547.yuv,2040x1152,8,yuv420p,1
0652.yuv,2040x1360,8,yuv420p,1
0367.yuv,2040x1360,8,yuv420p,1
0727.yuv,2040x1360,8,yuv420p,1
0592.yuv,2040x1360,8,yuv420p,1
0025.yuv,1144x2040,8,yuv420p,1
0009.yuv,2040x1528,8,yuv420p,1
0561.yuv,2040x1176,8,yuv420p,1
0431.yuv,2040x1360,8,yuv420p,1
0278.yuv,1360x2040,8,yuv420p,1
0893.yuv,2040x1360,8,yuv420p,1
0839.yuv,2040x1360,8,yuv420p,1
0805.yuv,2040x1536,8,yuv420p,1
0819.yuv,2040x1360,8,yuv420p,1
0838.yuv,2040x1360,8,yuv420p,1
0834.yuv,2040x1360,8,yuv420p,1
0877.yuv,2040x1152,8,yuv420p,1
0884.yuv,2040x1360,8,yuv420p,1
0892.yuv,2040x1288,8,yuv420p,1
0804.yuv,2040x1200,8,yuv420p,1
0866.yuv,1360x2040,8,yuv420p,1
0818.yuv,2040x1536,8,yuv420p,1
0886.yuv,2040x1360,8,yuv420p,1
0879.yuv,2040x1872,8,yuv420p,1
0883.yuv,2040x1384,8,yuv420p,1
0833.yuv,2040x1552,8,yuv420p,1
0851.yuv,2040x1344,8,yuv420p,1
0857.yuv,2040x1416,8,yuv420p,1
0827.yuv,2040x1536,8,yuv420p,1
0862.yuv,2040x1360,8,yuv420p,1
0900.yuv,2040x1152,8,yuv420p,1
0812.yuv,2040x1536,8,yuv420p,1
0811.yuv,2040x1360,8,yuv420p,1
0823.yuv,2040x1288,8,yuv420p,1
0878.yuv,2040x1744,8,yuv420p,1
0868.yuv,2040x1360,8,yuv420p,1
0861.yuv,2040x1360,8,yuv420p,1
0845.yuv,2040x1360,8,yuv420p,1
0809.yuv,2040x1360,8,yuv420p,1
0852.yuv,2040x1152,8,yuv420p,1
0835.yuv,1624x2040,8,yuv420p,1
0847.yuv,1360x2040,8,yuv420p,1
0820.yuv,2040x1360,8,yuv420p,1
0871.yuv,2040x1360,8,yuv420p,1
0846.yuv,2040x1368,8,yuv420p,1
0829.yuv,2040x1360,8,yuv420p,1
0870.yuv,2040x1576,8,yuv420p,1
0825.yuv,2040x1360,8,yuv420p,1
0840.yuv,2040x1360,8,yuv420p,1
0860.yuv,2040x1536,8,yuv420p,1
0875.yuv,2040x1536,8,yuv420p,1
0895.yuv,2040x1288,8,yuv420p,1
0888.yuv,2040x1360,8,yuv420p,1
0848.yuv,2040x1536,8,yuv420p,1
0826.yuv,2040x1536,8,yuv420p,1
0899.yuv,2040x1360,8,yuv420p,1
0872.yuv,2040x1360,8,yuv420p,1
0832.yuv,2040x1360,8,yuv420p,1
0863.yuv,1504x2040,8,yuv420p,1
0810.yuv,2040x1536,8,yuv420p,1
0802.yuv,2040x1360,8,yuv420p,1
0859.yuv,2040x1360,8,yuv420p,1
0844.yuv,1360x2040,8,yuv420p,1
0897.yuv,2040x1368,8,yuv420p,1
0898.yuv,2040x1360,8,yuv420p,1
0887.yuv,2040x1360,8,yuv420p,1
0865.yuv,2040x1536,8,yuv420p,1
0869.yuv,1360x2040,8,yuv420p,1
0881.yuv,2040x1264,8,yuv420p,1
0831.yuv,2040x1360,8,yuv420p,1
0801.yuv,2040x1360,8,yuv420p,1
0890.yuv,2040x1368,8,yuv420p,1
0894.yuv,1360x2040,8,yuv420p,1
0864.yuv,2040x1360,8,yuv420p,1
0873.yuv,2040x1360,8,yuv420p,1
0817.yuv,2040x1536,8,yuv420p,1
0882.yuv,2040x1360,8,yuv420p,1
0803.yuv,2040x1536,8,yuv420p,1
0842.yuv,2040x1360,8,yuv420p,1
0815.yuv,2040x1360,8,yuv420p,1
0858.yuv,2040x1360,8,yuv420p,1
0830.yuv,2040x816,8,yuv420p,1
0841.yuv,2040x1360,8,yuv420p,1
0874.yuv,2040x1360,8,yuv420p,1
0824.yuv,2040x1360,8,yuv420p,1
0849.yuv,2040x1360,8,yuv420p,1
0867.yuv,1360x2040,8,yuv420p,1
0814.yuv,2040x1360,8,yuv420p,1
0876.yuv,2040x1360,8,yuv420p,1
0843.yuv,2040x1360,8,yuv420p,1
0850.yuv,2040x1360,8,yuv420p,1
0855.yuv,2040x2040,8,yuv420p,1
0822.yuv,2040x1600,8,yuv420p,1
0880.yuv,1360x2040,8,yuv420p,1
0856.yuv,2040x1360,8,yuv420p,1
0837.yuv,2040x1360,8,yuv420p,1
0885.yuv,2040x1360,8,yuv420p,1
0896.yuv,2040x1360,8,yuv420p,1
0821.yuv,2040x1360,8,yuv420p,1
0816.yuv,2040x1360,8,yuv420p,1
0813.yuv,2040x1464,8,yuv420p,1
0808.yuv,2040x1360,8,yuv420p,1
0854.yuv,2040x1072,8,yuv420p,1
0853.yuv,2040x1360,8,yuv420p,1
0891.yuv,1672x2040,8,yuv420p,1
0836.yuv,2040x1536,8,yuv420p,1
0807.yuv,2040x1128,8,yuv420p,1
0828.yuv,2040x1360,8,yuv420p,1
0889.yuv,2040x1360,8,yuv420p,1
0806.yuv,2040x1360,8,yuv420p,1
