input_image,reference_image,yuv_width,yuv_height,yuv_format,yuv_bitdepth
SRC0001.yuv,SRC0001.yuv,640,480,yuv420p,8
SRC0002.yuv,SRC0002.yuv,640,480,yuv420p,8
SRC0003.yuv,SRC0003.yuv,640,480,yuv420p,8
SRC0004.yuv,SRC0004.yuv,640,480,yuv420p,8
SRC0005.yuv,SRC0005.yuv,640,480,yuv420p,8
SRC0006.yuv,SRC0006.yuv,640,480,yuv420p,8
SRC0007.yuv,SRC0007.yuv,640,480,yuv420p,8
SRC0008.yuv,SRC0008.yuv,640,480,yuv420p,8
SRC0009.yuv,SRC0009.yuv,640,480,yuv420p,8
SRC0010.yuv,SRC0010.yuv,640,480,yuv420p,8
SRC0011.yuv,SRC0011.yuv,640,480,yuv420p,8
SRC0012.yuv,SRC0012.yuv,640,480,yuv420p,8
SRC0013.yuv,SRC0013.yuv,640,480,yuv420p,8
SRC0014.yuv,SRC0014.yuv,640,480,yuv420p,8
SRC0015.yuv,SRC0015.yuv,640,480,yuv420p,8
SRC0016.yuv,SRC0016.yuv,640,480,yuv420p,8
SRC0017.yuv,SRC0017.yuv,640,480,yuv420p,8
SRC0018.yuv,SRC0018.yuv,640,480,yuv420p,8
SRC0019.yuv,SRC0019.yuv,640,480,yuv420p,8
SRC0020.yuv,SRC0020.yuv,640,480,yuv420p,8
SRC0021.yuv,SRC0021.yuv,640,480,yuv420p,8
SRC0022.yuv,SRC0022.yuv,640,480,yuv420p,8
SRC0023.yuv,SRC0023.yuv,640,480,yuv420p,8
SRC0024.yuv,SRC0024.yuv,640,480,yuv420p,8
SRC0025.yuv,SRC0025.yuv,640,480,yuv420p,8
SRC0026.yuv,SRC0026.yuv,640,480,yuv420p,8
SRC0027.yuv,SRC0027.yuv,640,480,yuv420p,8
SRC0028.yuv,SRC0028.yuv,640,480,yuv420p,8
SRC0029.yuv,SRC0029.yuv,640,480,yuv420p,8
SRC0030.yuv,SRC0030.yuv,640,480,yuv420p,8
SRC0031.yuv,SRC0031.yuv,640,480,yuv420p,8
SRC0032.yuv,SRC0032.yuv,640,480,yuv420p,8
SRC0033.yuv,SRC0033.yuv,640,480,yuv420p,8
SRC0034.yuv,SRC0034.yuv,640,480,yuv420p,8
SRC0035.yuv,SRC0035.yuv,640,480,yuv420p,8
SRC0036.yuv,SRC0036.yuv,640,480,yuv420p,8
SRC0037.yuv,SRC0037.yuv,640,480,yuv420p,8
SRC0038.yuv,SRC0038.yuv,640,480,yuv420p,8
SRC0039.yuv,SRC0039.yuv,640,480,yuv420p,8
SRC0040.yuv,SRC0040.yuv,640,480,yuv420p,8
SRC0041.yuv,SRC0041.yuv,640,480,yuv420p,8
SRC0042.yuv,SRC0042.yuv,640,480,yuv420p,8
SRC0043.yuv,SRC0043.yuv,640,480,yuv420p,8
SRC0044.yuv,SRC0044.yuv,640,480,yuv420p,8
SRC0045.yuv,SRC0045.yuv,640,480,yuv420p,8
SRC0046.yuv,SRC0046.yuv,640,480,yuv420p,8
SRC0047.yuv,SRC0047.yuv,640,480,yuv420p,8
SRC0048.yuv,SRC0048.yuv,640,480,yuv420p,8
SRC0049.yuv,SRC0049.yuv,640,480,yuv420p,8
SRC0050.yuv,SRC0050.yuv,640,480,yuv420p,8
SRC0051.yuv,SRC0051.yuv,640,480,yuv420p,8
SRC0052.yuv,SRC0052.yuv,640,480,yuv420p,8
SRC0053.yuv,SRC0053.yuv,640,480,yuv420p,8
SRC0054.yuv,SRC0054.yuv,640,480,yuv420p,8
SRC0055.yuv,SRC0055.yuv,640,480,yuv420p,8
SRC0056.yuv,SRC0056.yuv,640,480,yuv420p,8
SRC0057.yuv,SRC0057.yuv,640,480,yuv420p,8
SRC0058.yuv,SRC0058.yuv,640,480,yuv420p,8
SRC0059.yuv,SRC0059.yuv,640,480,yuv420p,8
SRC0060.yuv,SRC0060.yuv,640,480,yuv420p,8
SRC0061.yuv,SRC0061.yuv,640,480,yuv420p,8
SRC0062.yuv,SRC0062.yuv,640,480,yuv420p,8
SRC0063.yuv,SRC0063.yuv,640,480,yuv420p,8
SRC0064.yuv,SRC0064.yuv,640,480,yuv420p,8
SRC0065.yuv,SRC0065.yuv,640,480,yuv420p,8
SRC0066.yuv,SRC0066.yuv,640,480,yuv420p,8
SRC0067.yuv,SRC0067.yuv,640,480,yuv420p,8
SRC0068.yuv,SRC0068.yuv,640,480,yuv420p,8
SRC0069.yuv,SRC0069.yuv,640,480,yuv420p,8
SRC0070.yuv,SRC0070.yuv,640,480,yuv420p,8
SRC0071.yuv,SRC0071.yuv,640,480,yuv420p,8
SRC0072.yuv,SRC0072.yuv,640,480,yuv420p,8
SRC0073.yuv,SRC0073.yuv,640,480,yuv420p,8
SRC0074.yuv,SRC0074.yuv,640,480,yuv420p,8
SRC0075.yuv,SRC0075.yuv,640,480,yuv420p,8
SRC0076.yuv,SRC0076.yuv,640,480,yuv420p,8
SRC0077.yuv,SRC0077.yuv,640,480,yuv420p,8
SRC0078.yuv,SRC0078.yuv,640,480,yuv420p,8
SRC0079.yuv,SRC0079.yuv,640,480,yuv420p,8
SRC0080.yuv,SRC0080.yuv,640,480,yuv420p,8
SRC0081.yuv,SRC0081.yuv,640,480,yuv420p,8
SRC0082.yuv,SRC0082.yuv,640,480,yuv420p,8
SRC0083.yuv,SRC0083.yuv,640,480,yuv420p,8
SRC0084.yuv,SRC0084.yuv,640,480,yuv420p,8
SRC0085.yuv,SRC0085.yuv,640,480,yuv420p,8
SRC0086.yuv,SRC0086.yuv,640,480,yuv420p,8
SRC0087.yuv,SRC0087.yuv,640,480,yuv420p,8
SRC0088.yuv,SRC0088.yuv,640,480,yuv420p,8
SRC0089.yuv,SRC0089.yuv,640,480,yuv420p,8
SRC0090.yuv,SRC0090.yuv,640,480,yuv420p,8
SRC0091.yuv,SRC0091.yuv,640,480,yuv420p,8
SRC0092.yuv,SRC0092.yuv,640,480,yuv420p,8
SRC0093.yuv,SRC0093.yuv,640,480,yuv420p,8
SRC0094.yuv,SRC0094.yuv,640,480,yuv420p,8
SRC0095.yuv,SRC0095.yuv,640,480,yuv420p,8
SRC0096.yuv,SRC0096.yuv,640,480,yuv420p,8
SRC0097.yuv,SRC0097.yuv,640,480,yuv420p,8
SRC0098.yuv,SRC0098.yuv,640,480,yuv420p,8
SRC0099.yuv,SRC0099.yuv,640,480,yuv420p,8
SRC0100.yuv,SRC0100.yuv,640,480,yuv420p,8
SRC0101.yuv,SRC0101.yuv,640,480,yuv420p,8
SRC0102.yuv,SRC0102.yuv,640,480,yuv420p,8
SRC0103.yuv,SRC0103.yuv,640,480,yuv420p,8
SRC0104.yuv,SRC0104.yuv,640,480,yuv420p,8
SRC0105.yuv,SRC0105.yuv,640,480,yuv420p,8
SRC0106.yuv,SRC0106.yuv,640,480,yuv420p,8
SRC0107.yuv,SRC0107.yuv,640,480,yuv420p,8
SRC0108.yuv,SRC0108.yuv,640,480,yuv420p,8
SRC0109.yuv,SRC0109.yuv,640,480,yuv420p,8
SRC0110.yuv,SRC0110.yuv,640,480,yuv420p,8
SRC0111.yuv,SRC0111.yuv,640,480,yuv420p,8
SRC0112.yuv,SRC0112.yuv,640,480,yuv420p,8
SRC0113.yuv,SRC0113.yuv,640,480,yuv420p,8
SRC0114.yuv,SRC0114.yuv,640,480,yuv420p,8
SRC0115.yuv,SRC0115.yuv,640,480,yuv420p,8
SRC0116.yuv,SRC0116.yuv,640,480,yuv420p,8
SRC0117.yuv,SRC0117.yuv,640,480,yuv420p,8
SRC0118.yuv,SRC0118.yuv,640,480,yuv420p,8
SRC0119.yuv,SRC0119.yuv,640,480,yuv420p,8
SRC0120.yuv,SRC0120.yuv,640,480,yuv420p,8
SRC0121.yuv,SRC0121.yuv,640,480,yuv420p,8
SRC0122.yuv,SRC0122.yuv,640,480,yuv420p,8
SRC0123.yuv,SRC0123.yuv,640,480,yuv420p,8
SRC0124.yuv,SRC0124.yuv,640,480,yuv420p,8
SRC0125.yuv,SRC0125.yuv,640,480,yuv420p,8
SRC0126.yuv,SRC0126.yuv,640,480,yuv420p,8
SRC0127.yuv,SRC0127.yuv,640,480,yuv420p,8
SRC0128.yuv,SRC0128.yuv,640,480,yuv420p,8
SRC0129.yuv,SRC0129.yuv,640,480,yuv420p,8
SRC0130.yuv,SRC0130.yuv,640,480,yuv420p,8
SRC0131.yuv,SRC0131.yuv,640,480,yuv420p,8
SRC0132.yuv,SRC0132.yuv,640,480,yuv420p,8
SRC0133.yuv,SRC0133.yuv,640,480,yuv420p,8
SRC0134.yuv,SRC0134.yuv,640,480,yuv420p,8
SRC0135.yuv,SRC0135.yuv,640,480,yuv420p,8
SRC0136.yuv,SRC0136.yuv,640,480,yuv420p,8
SRC0137.yuv,SRC0137.yuv,640,480,yuv420p,8
SRC0138.yuv,SRC0138.yuv,640,480,yuv420p,8
SRC0139.yuv,SRC0139.yuv,640,480,yuv420p,8
SRC0140.yuv,SRC0140.yuv,640,480,yuv420p,8
SRC0141.yuv,SRC0141.yuv,640,480,yuv420p,8
SRC0142.yuv,SRC0142.yuv,640,480,yuv420p,8
SRC0143.yuv,SRC0143.yuv,640,480,yuv420p,8
SRC0144.yuv,SRC0144.yuv,640,480,yuv420p,8
SRC0145.yuv,SRC0145.yuv,640,480,yuv420p,8
SRC0146.yuv,SRC0146.yuv,640,480,yuv420p,8
SRC0147.yuv,SRC0147.yuv,640,480,yuv420p,8
SRC0148.yuv,SRC0148.yuv,640,480,yuv420p,8
SRC0149.yuv,SRC0149.yuv,640,480,yuv420p,8
SRC0150.yuv,SRC0150.yuv,640,480,yuv420p,8
SRC0151.yuv,SRC0151.yuv,640,480,yuv420p,8
SRC0152.yuv,SRC0152.yuv,640,480,yuv420p,8
SRC0153.yuv,SRC0153.yuv,640,480,yuv420p,8
SRC0154.yuv,SRC0154.yuv,640,480,yuv420p,8
SRC0155.yuv,SRC0155.yuv,640,480,yuv420p,8
SRC0156.yuv,SRC0156.yuv,640,480,yuv420p,8
SRC0157.yuv,SRC0157.yuv,640,480,yuv420p,8
SRC0158.yuv,SRC0158.yuv,640,480,yuv420p,8
SRC0159.yuv,SRC0159.yuv,640,480,yuv420p,8
SRC0160.yuv,SRC0160.yuv,640,480,yuv420p,8
SRC0161.yuv,SRC0161.yuv,640,480,yuv420p,8
SRC0162.yuv,SRC0162.yuv,640,480,yuv420p,8
SRC0163.yuv,SRC0163.yuv,640,480,yuv420p,8
SRC0164.yuv,SRC0164.yuv,640,480,yuv420p,8
SRC0165.yuv,SRC0165.yuv,640,480,yuv420p,8
SRC0166.yuv,SRC0166.yuv,640,480,yuv420p,8
SRC0167.yuv,SRC0167.yuv,640,480,yuv420p,8
SRC0168.yuv,SRC0168.yuv,640,480,yuv420p,8
SRC0169.yuv,SRC0169.yuv,640,480,yuv420p,8
SRC0170.yuv,SRC0170.yuv,640,480,yuv420p,8
SRC0171.yuv,SRC0171.yuv,640,480,yuv420p,8
SRC0172.yuv,SRC0172.yuv,640,480,yuv420p,8
SRC0173.yuv,SRC0173.yuv,640,480,yuv420p,8
SRC0174.yuv,SRC0174.yuv,640,480,yuv420p,8
SRC0175.yuv,SRC0175.yuv,640,480,yuv420p,8
SRC0176.yuv,SRC0176.yuv,640,480,yuv420p,8
SRC0177.yuv,SRC0177.yuv,640,480,yuv420p,8
SRC0178.yuv,SRC0178.yuv,640,480,yuv420p,8
SRC0179.yuv,SRC0179.yuv,640,480,yuv420p,8
SRC0180.yuv,SRC0180.yuv,640,480,yuv420p,8
SRC0181.yuv,SRC0181.yuv,640,480,yuv420p,8
SRC0182.yuv,SRC0182.yuv,640,480,yuv420p,8
SRC0183.yuv,SRC0183.yuv,640,480,yuv420p,8
SRC0184.yuv,SRC0184.yuv,640,480,yuv420p,8
SRC0185.yuv,SRC0185.yuv,640,480,yuv420p,8
SRC0186.yuv,SRC0186.yuv,640,480,yuv420p,8
SRC0187.yuv,SRC0187.yuv,640,480,yuv420p,8
SRC0188.yuv,SRC0188.yuv,640,480,yuv420p,8
SRC0189.yuv,SRC0189.yuv,640,480,yuv420p,8
SRC0190.yuv,SRC0190.yuv,640,480,yuv420p,8
SRC0191.yuv,SRC0191.yuv,640,480,yuv420p,8
SRC0192.yuv,SRC0192.yuv,640,480,yuv420p,8
SRC0193.yuv,SRC0193.yuv,640,480,yuv420p,8
SRC0194.yuv,SRC0194.yuv,640,480,yuv420p,8
SRC0195.yuv,SRC0195.yuv,640,480,yuv420p,8
SRC0196.yuv,SRC0196.yuv,640,480,yuv420p,8
SRC0197.yuv,SRC0197.yuv,640,480,yuv420p,8
SRC0198.yuv,SRC0198.yuv,640,480,yuv420p,8
SRC0199.yuv,SRC0199.yuv,640,480,yuv420p,8
SRC0200.yuv,SRC0200.yuv,640,480,yuv420p,8
SRC0201.yuv,SRC0201.yuv,640,480,yuv420p,8
SRC0202.yuv,SRC0202.yuv,640,480,yuv420p,8
SRC0203.yuv,SRC0203.yuv,640,480,yuv420p,8
SRC0204.yuv,SRC0204.yuv,640,480,yuv420p,8
SRC0205.yuv,SRC0205.yuv,640,480,yuv420p,8
SRC0206.yuv,SRC0206.yuv,640,480,yuv420p,8
SRC0207.yuv,SRC0207.yuv,640,480,yuv420p,8
SRC0208.yuv,SRC0208.yuv,640,480,yuv420p,8
SRC0209.yuv,SRC0209.yuv,640,480,yuv420p,8
SRC0210.yuv,SRC0210.yuv,640,480,yuv420p,8
SRC0211.yuv,SRC0211.yuv,640,480,yuv420p,8
SRC0212.yuv,SRC0212.yuv,640,480,yuv420p,8
SRC0213.yuv,SRC0213.yuv,640,480,yuv420p,8
SRC0214.yuv,SRC0214.yuv,640,480,yuv420p,8
SRC0215.yuv,SRC0215.yuv,640,480,yuv420p,8
SRC0216.yuv,SRC0216.yuv,640,480,yuv420p,8
SRC0217.yuv,SRC0217.yuv,640,480,yuv420p,8
SRC0218.yuv,SRC0218.yuv,640,480,yuv420p,8
SRC0219.yuv,SRC0219.yuv,640,480,yuv420p,8
SRC0220.yuv,SRC0220.yuv,640,480,yuv420p,8
SRC0221.yuv,SRC0221.yuv,640,480,yuv420p,8
SRC0222.yuv,SRC0222.yuv,640,480,yuv420p,8
SRC0223.yuv,SRC0223.yuv,640,480,yuv420p,8
SRC0224.yuv,SRC0224.yuv,640,480,yuv420p,8
SRC0225.yuv,SRC0225.yuv,640,480,yuv420p,8
SRC0226.yuv,SRC0226.yuv,640,480,yuv420p,8
SRC0227.yuv,SRC0227.yuv,640,480,yuv420p,8
SRC0228.yuv,SRC0228.yuv,640,480,yuv420p,8
SRC0229.yuv,SRC0229.yuv,640,480,yuv420p,8
SRC0230.yuv,SRC0230.yuv,640,480,yuv420p,8
SRC0231.yuv,SRC0231.yuv,640,480,yuv420p,8
SRC0232.yuv,SRC0232.yuv,640,480,yuv420p,8
SRC0233.yuv,SRC0233.yuv,640,480,yuv420p,8
SRC0234.yuv,SRC0234.yuv,640,480,yuv420p,8
SRC0235.yuv,SRC0235.yuv,640,480,yuv420p,8
SRC0236.yuv,SRC0236.yuv,640,480,yuv420p,8
SRC0237.yuv,SRC0237.yuv,640,480,yuv420p,8
SRC0238.yuv,SRC0238.yuv,640,480,yuv420p,8
SRC0239.yuv,SRC0239.yuv,640,480,yuv420p,8
SRC0240.yuv,SRC0240.yuv,640,480,yuv420p,8
SRC0241.yuv,SRC0241.yuv,640,480,yuv420p,8
SRC0242.yuv,SRC0242.yuv,640,480,yuv420p,8
SRC0243.yuv,SRC0243.yuv,640,480,yuv420p,8
SRC0244.yuv,SRC0244.yuv,640,480,yuv420p,8
SRC0245.yuv,SRC0245.yuv,640,480,yuv420p,8
SRC0246.yuv,SRC0246.yuv,640,480,yuv420p,8
SRC0247.yuv,SRC0247.yuv,640,480,yuv420p,8
SRC0248.yuv,SRC0248.yuv,640,480,yuv420p,8
SRC0249.yuv,SRC0249.yuv,640,480,yuv420p,8
SRC0250.yuv,SRC0250.yuv,640,480,yuv420p,8
SRC0251.yuv,SRC0251.yuv,640,480,yuv420p,8
SRC0252.yuv,SRC0252.yuv,640,480,yuv420p,8
SRC0253.yuv,SRC0253.yuv,640,480,yuv420p,8
SRC0254.yuv,SRC0254.yuv,640,480,yuv420p,8
SRC0255.yuv,SRC0255.yuv,640,480,yuv420p,8
SRC0256.yuv,SRC0256.yuv,640,480,yuv420p,8
SRC0257.yuv,SRC0257.yuv,640,480,yuv420p,8
SRC0258.yuv,SRC0258.yuv,640,480,yuv420p,8
SRC0259.yuv,SRC0259.yuv,640,480,yuv420p,8
SRC0260.yuv,SRC0260.yuv,640,480,yuv420p,8
SRC0261.yuv,SRC0261.yuv,640,480,yuv420p,8
SRC0262.yuv,SRC0262.yuv,640,480,yuv420p,8
SRC0263.yuv,SRC0263.yuv,640,480,yuv420p,8
SRC0264.yuv,SRC0264.yuv,640,480,yuv420p,8
SRC0265.yuv,SRC0265.yuv,640,480,yuv420p,8
SRC0266.yuv,SRC0266.yuv,640,480,yuv420p,8
SRC0267.yuv,SRC0267.yuv,640,480,yuv420p,8
SRC0268.yuv,SRC0268.yuv,640,480,yuv420p,8
SRC0269.yuv,SRC0269.yuv,640,480,yuv420p,8
SRC0270.yuv,SRC0270.yuv,640,480,yuv420p,8
SRC0271.yuv,SRC0271.yuv,640,480,yuv420p,8
SRC0272.yuv,SRC0272.yuv,640,480,yuv420p,8
SRC0273.yuv,SRC0273.yuv,640,480,yuv420p,8
SRC0274.yuv,SRC0274.yuv,640,480,yuv420p,8
SRC0275.yuv,SRC0275.yuv,640,480,yuv420p,8
SRC0276.yuv,SRC0276.yuv,640,480,yuv420p,8
SRC0277.yuv,SRC0277.yuv,640,480,yuv420p,8
SRC0278.yuv,SRC0278.yuv,640,480,yuv420p,8
SRC0279.yuv,SRC0279.yuv,640,480,yuv420p,8
SRC0280.yuv,SRC0280.yuv,640,480,yuv420p,8
SRC0281.yuv,SRC0281.yuv,640,480,yuv420p,8
SRC0282.yuv,SRC0282.yuv,640,480,yuv420p,8
SRC0283.yuv,SRC0283.yuv,640,480,yuv420p,8
SRC0284.yuv,SRC0284.yuv,640,480,yuv420p,8
SRC0285.yuv,SRC0285.yuv,640,480,yuv420p,8
SRC0286.yuv,SRC0286.yuv,640,480,yuv420p,8
SRC0287.yuv,SRC0287.yuv,640,480,yuv420p,8
SRC0288.yuv,SRC0288.yuv,640,480,yuv420p,8
SRC0289.yuv,SRC0289.yuv,640,480,yuv420p,8
SRC0290.yuv,SRC0290.yuv,640,480,yuv420p,8
SRC0291.yuv,SRC0291.yuv,640,480,yuv420p,8
SRC0292.yuv,SRC0292.yuv,640,480,yuv420p,8
SRC0293.yuv,SRC0293.yuv,640,480,yuv420p,8
SRC0294.yuv,SRC0294.yuv,640,480,yuv420p,8
SRC0295.yuv,SRC0295.yuv,640,480,yuv420p,8
SRC0296.yuv,SRC0296.yuv,640,480,yuv420p,8
SRC0297.yuv,SRC0297.yuv,640,480,yuv420p,8
SRC0298.yuv,SRC0298.yuv,640,480,yuv420p,8
SRC0299.yuv,SRC0299.yuv,640,480,yuv420p,8
SRC0300.yuv,SRC0300.yuv,640,480,yuv420p,8
SRC0301.yuv,SRC0301.yuv,640,480,yuv420p,8
SRC0302.yuv,SRC0302.yuv,640,480,yuv420p,8
SRC0303.yuv,SRC0303.yuv,640,480,yuv420p,8
SRC0304.yuv,SRC0304.yuv,640,480,yuv420p,8
SRC0305.yuv,SRC0305.yuv,640,480,yuv420p,8
SRC0306.yuv,SRC0306.yuv,640,480,yuv420p,8
SRC0307.yuv,SRC0307.yuv,640,480,yuv420p,8
SRC0308.yuv,SRC0308.yuv,640,480,yuv420p,8
SRC0309.yuv,SRC0309.yuv,640,480,yuv420p,8
SRC0310.yuv,SRC0310.yuv,640,480,yuv420p,8
SRC0311.yuv,SRC0311.yuv,640,480,yuv420p,8
SRC0312.yuv,SRC0312.yuv,640,480,yuv420p,8
SRC0313.yuv,SRC0313.yuv,640,480,yuv420p,8
SRC0314.yuv,SRC0314.yuv,640,480,yuv420p,8
SRC0315.yuv,SRC0315.yuv,640,480,yuv420p,8
SRC0316.yuv,SRC0316.yuv,640,480,yuv420p,8
SRC0317.yuv,SRC0317.yuv,640,480,yuv420p,8
SRC0318.yuv,SRC0318.yuv,640,480,yuv420p,8
SRC0319.yuv,SRC0319.yuv,640,480,yuv420p,8
SRC0320.yuv,SRC0320.yuv,640,480,yuv420p,8
SRC0321.yuv,SRC0321.yuv,640,480,yuv420p,8
SRC0322.yuv,SRC0322.yuv,640,480,yuv420p,8
SRC0323.yuv,SRC0323.yuv,640,480,yuv420p,8
SRC0324.yuv,SRC0324.yuv,640,480,yuv420p,8
SRC0325.yuv,SRC0325.yuv,640,480,yuv420p,8
SRC0326.yuv,SRC0326.yuv,640,480,yuv420p,8
SRC0327.yuv,SRC0327.yuv,640,480,yuv420p,8
SRC0328.yuv,SRC0328.yuv,640,480,yuv420p,8
SRC0329.yuv,SRC0329.yuv,640,480,yuv420p,8
SRC0330.yuv,SRC0330.yuv,640,480,yuv420p,8
SRC0331.yuv,SRC0331.yuv,640,480,yuv420p,8
SRC0332.yuv,SRC0332.yuv,640,480,yuv420p,8
SRC0333.yuv,SRC0333.yuv,640,480,yuv420p,8
SRC0334.yuv,SRC0334.yuv,640,480,yuv420p,8
SRC0335.yuv,SRC0335.yuv,640,480,yuv420p,8
SRC0336.yuv,SRC0336.yuv,640,480,yuv420p,8
SRC0337.yuv,SRC0337.yuv,640,480,yuv420p,8
SRC0338.yuv,SRC0338.yuv,640,480,yuv420p,8
SRC0339.yuv,SRC0339.yuv,640,480,yuv420p,8
SRC0340.yuv,SRC0340.yuv,640,480,yuv420p,8
SRC0341.yuv,SRC0341.yuv,640,480,yuv420p,8
SRC0342.yuv,SRC0342.yuv,640,480,yuv420p,8
SRC0343.yuv,SRC0343.yuv,640,480,yuv420p,8
SRC0344.yuv,SRC0344.yuv,640,480,yuv420p,8
SRC0345.yuv,SRC0345.yuv,640,480,yuv420p,8
SRC0346.yuv,SRC0346.yuv,640,480,yuv420p,8
SRC0347.yuv,SRC0347.yuv,640,480,yuv420p,8
SRC0348.yuv,SRC0348.yuv,640,480,yuv420p,8
SRC0349.yuv,SRC0349.yuv,640,480,yuv420p,8
SRC0350.yuv,SRC0350.yuv,640,480,yuv420p,8
SRC0351.yuv,SRC0351.yuv,640,480,yuv420p,8
SRC0352.yuv,SRC0352.yuv,640,480,yuv420p,8
SRC0353.yuv,SRC0353.yuv,640,480,yuv420p,8
SRC0354.yuv,SRC0354.yuv,640,480,yuv420p,8
SRC0355.yuv,SRC0355.yuv,640,480,yuv420p,8
SRC0356.yuv,SRC0356.yuv,640,480,yuv420p,8
SRC0357.yuv,SRC0357.yuv,640,480,yuv420p,8
SRC0358.yuv,SRC0358.yuv,640,480,yuv420p,8
SRC0359.yuv,SRC0359.yuv,640,480,yuv420p,8
SRC0360.yuv,SRC0360.yuv,640,480,yuv420p,8
SRC0361.yuv,SRC0361.yuv,640,480,yuv420p,8
SRC0362.yuv,SRC0362.yuv,640,480,yuv420p,8
SRC0363.yuv,SRC0363.yuv,640,480,yuv420p,8
SRC0364.yuv,SRC0364.yuv,640,480,yuv420p,8
SRC0365.yuv,SRC0365.yuv,640,480,yuv420p,8
SRC0366.yuv,SRC0366.yuv,640,480,yuv420p,8
SRC0367.yuv,SRC0367.yuv,640,480,yuv420p,8
SRC0368.yuv,SRC0368.yuv,640,480,yuv420p,8
SRC0369.yuv,SRC0369.yuv,640,480,yuv420p,8
SRC0370.yuv,SRC0370.yuv,640,480,yuv420p,8
SRC0371.yuv,SRC0371.yuv,640,480,yuv420p,8
SRC0372.yuv,SRC0372.yuv,640,480,yuv420p,8
SRC0373.yuv,SRC0373.yuv,640,480,yuv420p,8
SRC0374.yuv,SRC0374.yuv,640,480,yuv420p,8
SRC0375.yuv,SRC0375.yuv,640,480,yuv420p,8
SRC0376.yuv,SRC0376.yuv,640,480,yuv420p,8
SRC0377.yuv,SRC0377.yuv,640,480,yuv420p,8
SRC0378.yuv,SRC0378.yuv,640,480,yuv420p,8
SRC0379.yuv,SRC0379.yuv,640,480,yuv420p,8
SRC0380.yuv,SRC0380.yuv,640,480,yuv420p,8
SRC0381.yuv,SRC0381.yuv,640,480,yuv420p,8
SRC0382.yuv,SRC0382.yuv,640,480,yuv420p,8
SRC0383.yuv,SRC0383.yuv,640,480,yuv420p,8
SRC0384.yuv,SRC0384.yuv,640,480,yuv420p,8
SRC0385.yuv,SRC0385.yuv,640,480,yuv420p,8
SRC0386.yuv,SRC0386.yuv,640,480,yuv420p,8
SRC0387.yuv,SRC0387.yuv,640,480,yuv420p,8
SRC0388.yuv,SRC0388.yuv,640,480,yuv420p,8
SRC0389.yuv,SRC0389.yuv,640,480,yuv420p,8
SRC0390.yuv,SRC0390.yuv,640,480,yuv420p,8
SRC0391.yuv,SRC0391.yuv,640,480,yuv420p,8
SRC0392.yuv,SRC0392.yuv,640,480,yuv420p,8
SRC0393.yuv,SRC0393.yuv,640,480,yuv420p,8
SRC0394.yuv,SRC0394.yuv,640,480,yuv420p,8
SRC0395.yuv,SRC0395.yuv,640,480,yuv420p,8
SRC0396.yuv,SRC0396.yuv,640,480,yuv420p,8
SRC0397.yuv,SRC0397.yuv,640,480,yuv420p,8
SRC0398.yuv,SRC0398.yuv,640,480,yuv420p,8
SRC0399.yuv,SRC0399.yuv,640,480,yuv420p,8
SRC0400.yuv,SRC0400.yuv,640,480,yuv420p,8
SRC0401.yuv,SRC0401.yuv,640,480,yuv420p,8
SRC0402.yuv,SRC0402.yuv,640,480,yuv420p,8
SRC0403.yuv,SRC0403.yuv,640,480,yuv420p,8
SRC0404.yuv,SRC0404.yuv,640,480,yuv420p,8
SRC0405.yuv,SRC0405.yuv,640,480,yuv420p,8
SRC0406.yuv,SRC0406.yuv,640,480,yuv420p,8
SRC0407.yuv,SRC0407.yuv,640,480,yuv420p,8
SRC0408.yuv,SRC0408.yuv,640,480,yuv420p,8
SRC0409.yuv,SRC0409.yuv,640,480,yuv420p,8
SRC0410.yuv,SRC0410.yuv,640,480,yuv420p,8
SRC0411.yuv,SRC0411.yuv,640,480,yuv420p,8
SRC0412.yuv,SRC0412.yuv,640,480,yuv420p,8
SRC0413.yuv,SRC0413.yuv,640,480,yuv420p,8
SRC0414.yuv,SRC0414.yuv,640,480,yuv420p,8
SRC0415.yuv,SRC0415.yuv,640,480,yuv420p,8
SRC0416.yuv,SRC0416.yuv,640,480,yuv420p,8
SRC0417.yuv,SRC0417.yuv,640,480,yuv420p,8
SRC0418.yuv,SRC0418.yuv,640,480,yuv420p,8
SRC0419.yuv,SRC0419.yuv,640,480,yuv420p,8
SRC0420.yuv,SRC0420.yuv,640,480,yuv420p,8
SRC0421.yuv,SRC0421.yuv,640,480,yuv420p,8
SRC0422.yuv,SRC0422.yuv,640,480,yuv420p,8
SRC0423.yuv,SRC0423.yuv,640,480,yuv420p,8
SRC0424.yuv,SRC0424.yuv,640,480,yuv420p,8
SRC0425.yuv,SRC0425.yuv,640,480,yuv420p,8
SRC0426.yuv,SRC0426.yuv,640,480,yuv420p,8
SRC0427.yuv,SRC0427.yuv,640,480,yuv420p,8
SRC0428.yuv,SRC0428.yuv,640,480,yuv420p,8
SRC0429.yuv,SRC0429.yuv,640,480,yuv420p,8
SRC0430.yuv,SRC0430.yuv,640,480,yuv420p,8
SRC0431.yuv,SRC0431.yuv,640,480,yuv420p,8
SRC0432.yuv,SRC0432.yuv,640,480,yuv420p,8
SRC0433.yuv,SRC0433.yuv,640,480,yuv420p,8
SRC0434.yuv,SRC0434.yuv,640,480,yuv420p,8
SRC0435.yuv,SRC0435.yuv,640,480,yuv420p,8
SRC0436.yuv,SRC0436.yuv,640,480,yuv420p,8
SRC0437.yuv,SRC0437.yuv,640,480,yuv420p,8
SRC0438.yuv,SRC0438.yuv,640,480,yuv420p,8
SRC0439.yuv,SRC0439.yuv,640,480,yuv420p,8
SRC0440.yuv,SRC0440.yuv,640,480,yuv420p,8
SRC0441.yuv,SRC0441.yuv,640,480,yuv420p,8
SRC0442.yuv,SRC0442.yuv,640,480,yuv420p,8
SRC0443.yuv,SRC0443.yuv,640,480,yuv420p,8
SRC0444.yuv,SRC0444.yuv,640,480,yuv420p,8
SRC0445.yuv,SRC0445.yuv,640,480,yuv420p,8
SRC0446.yuv,SRC0446.yuv,640,480,yuv420p,8
SRC0447.yuv,SRC0447.yuv,640,480,yuv420p,8
SRC0448.yuv,SRC0448.yuv,640,480,yuv420p,8
SRC0449.yuv,SRC0449.yuv,640,480,yuv420p,8
SRC0450.yuv,SRC0450.yuv,640,480,yuv420p,8
SRC0451.yuv,SRC0451.yuv,640,480,yuv420p,8
SRC0452.yuv,SRC0452.yuv,640,480,yuv420p,8
SRC0453.yuv,SRC0453.yuv,640,480,yuv420p,8
SRC0454.yuv,SRC0454.yuv,640,480,yuv420p,8
SRC0455.yuv,SRC0455.yuv,640,480,yuv420p,8
SRC0456.yuv,SRC0456.yuv,640,480,yuv420p,8
SRC0457.yuv,SRC0457.yuv,640,480,yuv420p,8
SRC0458.yuv,SRC0458.yuv,640,480,yuv420p,8
SRC0459.yuv,SRC0459.yuv,640,480,yuv420p,8
SRC0460.yuv,SRC0460.yuv,640,480,yuv420p,8
SRC0461.yuv,SRC0461.yuv,640,480,yuv420p,8
SRC0462.yuv,SRC0462.yuv,640,480,yuv420p,8
SRC0463.yuv,SRC0463.yuv,640,480,yuv420p,8
SRC0464.yuv,SRC0464.yuv,640,480,yuv420p,8
SRC0465.yuv,SRC0465.yuv,640,480,yuv420p,8
SRC0466.yuv,SRC0466.yuv,640,480,yuv420p,8
SRC0467.yuv,SRC0467.yuv,640,480,yuv420p,8
SRC0468.yuv,SRC0468.yuv,640,480,yuv420p,8
SRC0469.yuv,SRC0469.yuv,640,480,yuv420p,8
SRC0470.yuv,SRC0470.yuv,640,480,yuv420p,8
SRC0471.yuv,SRC0471.yuv,640,480,yuv420p,8
SRC0472.yuv,SRC0472.yuv,640,480,yuv420p,8
SRC0473.yuv,SRC0473.yuv,640,480,yuv420p,8
SRC0474.yuv,SRC0474.yuv,640,480,yuv420p,8
SRC0475.yuv,SRC0475.yuv,640,480,yuv420p,8
SRC0476.yuv,SRC0476.yuv,640,480,yuv420p,8
SRC0477.yuv,SRC0477.yuv,640,480,yuv420p,8
SRC0478.yuv,SRC0478.yuv,640,480,yuv420p,8
SRC0479.yuv,SRC0479.yuv,640,480,yuv420p,8
SRC0480.yuv,SRC0480.yuv,640,480,yuv420p,8
SRC0481.yuv,SRC0481.yuv,640,480,yuv420p,8
SRC0482.yuv,SRC0482.yuv,640,480,yuv420p,8
SRC0483.yuv,SRC0483.yuv,640,480,yuv420p,8
SRC0484.yuv,SRC0484.yuv,640,480,yuv420p,8
SRC0485.yuv,SRC0485.yuv,640,480,yuv420p,8
SRC0486.yuv,SRC0486.yuv,640,480,yuv420p,8
SRC0487.yuv,SRC0487.yuv,640,480,yuv420p,8
SRC0488.yuv,SRC0488.yuv,640,480,yuv420p,8
SRC0489.yuv,SRC0489.yuv,640,480,yuv420p,8
SRC0490.yuv,SRC0490.yuv,640,480,yuv420p,8
SRC0491.yuv,SRC0491.yuv,640,480,yuv420p,8
SRC0492.yuv,SRC0492.yuv,640,480,yuv420p,8
SRC0493.yuv,SRC0493.yuv,640,480,yuv420p,8
SRC0494.yuv,SRC0494.yuv,640,480,yuv420p,8
SRC0495.yuv,SRC0495.yuv,640,480,yuv420p,8
SRC0496.yuv,SRC0496.yuv,640,480,yuv420p,8
SRC0497.yuv,SRC0497.yuv,640,480,yuv420p,8
SRC0498.yuv,SRC0498.yuv,640,480,yuv420p,8
SRC0499.yuv,SRC0499.yuv,640,480,yuv420p,8
SRC0500.yuv,SRC0500.yuv,640,480,yuv420p,8
SRC0501.yuv,SRC0501.yuv,640,480,yuv420p,8
SRC0502.yuv,SRC0502.yuv,640,480,yuv420p,8
SRC0503.yuv,SRC0503.yuv,640,480,yuv420p,8
SRC0504.yuv,SRC0504.yuv,640,480,yuv420p,8
SRC0505.yuv,SRC0505.yuv,640,480,yuv420p,8
SRC0506.yuv,SRC0506.yuv,640,480,yuv420p,8
SRC0507.yuv,SRC0507.yuv,640,480,yuv420p,8
SRC0508.yuv,SRC0508.yuv,640,480,yuv420p,8
SRC0509.yuv,SRC0509.yuv,640,480,yuv420p,8
SRC0510.yuv,SRC0510.yuv,640,480,yuv420p,8
SRC0511.yuv,SRC0511.yuv,640,480,yuv420p,8
SRC0512.yuv,SRC0512.yuv,640,480,yuv420p,8
SRC0513.yuv,SRC0513.yuv,640,480,yuv420p,8
SRC0514.yuv,SRC0514.yuv,640,480,yuv420p,8
SRC0515.yuv,SRC0515.yuv,640,480,yuv420p,8
SRC0516.yuv,SRC0516.yuv,640,480,yuv420p,8
SRC0517.yuv,SRC0517.yuv,640,480,yuv420p,8
SRC0518.yuv,SRC0518.yuv,640,480,yuv420p,8
SRC0519.yuv,SRC0519.yuv,640,480,yuv420p,8
SRC0520.yuv,SRC0520.yuv,640,480,yuv420p,8
SRC0521.yuv,SRC0521.yuv,640,480,yuv420p,8
SRC0522.yuv,SRC0522.yuv,640,480,yuv420p,8
SRC0523.yuv,SRC0523.yuv,640,480,yuv420p,8
SRC0524.yuv,SRC0524.yuv,640,480,yuv420p,8
SRC0525.yuv,SRC0525.yuv,640,480,yuv420p,8
SRC0526.yuv,SRC0526.yuv,640,480,yuv420p,8
SRC0527.yuv,SRC0527.yuv,640,480,yuv420p,8
SRC0528.yuv,SRC0528.yuv,640,480,yuv420p,8
SRC0529.yuv,SRC0529.yuv,640,480,yuv420p,8
SRC0530.yuv,SRC0530.yuv,640,480,yuv420p,8
SRC0531.yuv,SRC0531.yuv,640,480,yuv420p,8
SRC0532.yuv,SRC0532.yuv,640,480,yuv420p,8
SRC0533.yuv,SRC0533.yuv,640,480,yuv420p,8
SRC0534.yuv,SRC0534.yuv,640,480,yuv420p,8
SRC0535.yuv,SRC0535.yuv,640,480,yuv420p,8
SRC0536.yuv,SRC0536.yuv,640,480,yuv420p,8
SRC0537.yuv,SRC0537.yuv,640,480,yuv420p,8
SRC0538.yuv,SRC0538.yuv,640,480,yuv420p,8
SRC0539.yuv,SRC0539.yuv,640,480,yuv420p,8
SRC0540.yuv,SRC0540.yuv,640,480,yuv420p,8
SRC0541.yuv,SRC0541.yuv,640,480,yuv420p,8
SRC0542.yuv,SRC0542.yuv,640,480,yuv420p,8
SRC0543.yuv,SRC0543.yuv,640,480,yuv420p,8
SRC0544.yuv,SRC0544.yuv,640,480,yuv420p,8
SRC0545.yuv,SRC0545.yuv,640,480,yuv420p,8
SRC0546.yuv,SRC0546.yuv,640,480,yuv420p,8
SRC0547.yuv,SRC0547.yuv,640,480,yuv420p,8
SRC0548.yuv,SRC0548.yuv,640,480,yuv420p,8
SRC0549.yuv,SRC0549.yuv,640,480,yuv420p,8
SRC0550.yuv,SRC0550.yuv,640,480,yuv420p,8
SRC0551.yuv,SRC0551.yuv,640,480,yuv420p,8
SRC0552.yuv,SRC0552.yuv,640,480,yuv420p,8
SRC0553.yuv,SRC0553.yuv,640,480,yuv420p,8
SRC0554.yuv,SRC0554.yuv,640,480,yuv420p,8
SRC0555.yuv,SRC0555.yuv,640,480,yuv420p,8
SRC0556.yuv,SRC0556.yuv,640,480,yuv420p,8
SRC0557.yuv,SRC0557.yuv,640,480,yuv420p,8
SRC0558.yuv,SRC0558.yuv,640,480,yuv420p,8
SRC0559.yuv,SRC0559.yuv,640,480,yuv420p,8
SRC0560.yuv,SRC0560.yuv,640,480,yuv420p,8
SRC0561.yuv,SRC0561.yuv,640,480,yuv420p,8
SRC0562.yuv,SRC0562.yuv,640,480,yuv420p,8
SRC0563.yuv,SRC0563.yuv,640,480,yuv420p,8
SRC0564.yuv,SRC0564.yuv,640,480,yuv420p,8
SRC0565.yuv,SRC0565.yuv,640,480,yuv420p,8
SRC0566.yuv,SRC0566.yuv,640,480,yuv420p,8
SRC0567.yuv,SRC0567.yuv,640,480,yuv420p,8
SRC0568.yuv,SRC0568.yuv,640,480,yuv420p,8
SRC0569.yuv,SRC0569.yuv,640,480,yuv420p,8
SRC0570.yuv,SRC0570.yuv,640,480,yuv420p,8
SRC0571.yuv,SRC0571.yuv,640,480,yuv420p,8
SRC0572.yuv,SRC0572.yuv,640,480,yuv420p,8
SRC0573.yuv,SRC0573.yuv,640,480,yuv420p,8
SRC0574.yuv,SRC0574.yuv,640,480,yuv420p,8
SRC0575.yuv,SRC0575.yuv,640,480,yuv420p,8
SRC0576.yuv,SRC0576.yuv,640,480,yuv420p,8
SRC0577.yuv,SRC0577.yuv,640,480,yuv420p,8
SRC0578.yuv,SRC0578.yuv,640,480,yuv420p,8
SRC0579.yuv,SRC0579.yuv,640,480,yuv420p,8
SRC0580.yuv,SRC0580.yuv,640,480,yuv420p,8
SRC0581.yuv,SRC0581.yuv,640,480,yuv420p,8
SRC0582.yuv,SRC0582.yuv,640,480,yuv420p,8
SRC0583.yuv,SRC0583.yuv,640,480,yuv420p,8
SRC0584.yuv,SRC0584.yuv,640,480,yuv420p,8
SRC0585.yuv,SRC0585.yuv,640,480,yuv420p,8
SRC0586.yuv,SRC0586.yuv,640,480,yuv420p,8
SRC0587.yuv,SRC0587.yuv,640,480,yuv420p,8
SRC0588.yuv,SRC0588.yuv,640,480,yuv420p,8
SRC0589.yuv,SRC0589.yuv,640,480,yuv420p,8
SRC0590.yuv,SRC0590.yuv,640,480,yuv420p,8
SRC0591.yuv,SRC0591.yuv,640,480,yuv420p,8
SRC0592.yuv,SRC0592.yuv,640,480,yuv420p,8
SRC0593.yuv,SRC0593.yuv,640,480,yuv420p,8
SRC0594.yuv,SRC0594.yuv,640,480,yuv420p,8
SRC0595.yuv,SRC0595.yuv,640,480,yuv420p,8
SRC0596.yuv,SRC0596.yuv,640,480,yuv420p,8
SRC0597.yuv,SRC0597.yuv,640,480,yuv420p,8
SRC0598.yuv,SRC0598.yuv,640,480,yuv420p,8
SRC0599.yuv,SRC0599.yuv,640,480,yuv420p,8
SRC0600.yuv,SRC0600.yuv,640,480,yuv420p,8
SRC0601.yuv,SRC0601.yuv,640,480,yuv420p,8
SRC0602.yuv,SRC0602.yuv,640,480,yuv420p,8
SRC0603.yuv,SRC0603.yuv,640,480,yuv420p,8
SRC0604.yuv,SRC0604.yuv,640,480,yuv420p,8
SRC0605.yuv,SRC0605.yuv,640,480,yuv420p,8
SRC0606.yuv,SRC0606.yuv,640,480,yuv420p,8
SRC0607.yuv,SRC0607.yuv,640,480,yuv420p,8
SRC0608.yuv,SRC0608.yuv,640,480,yuv420p,8
SRC0609.yuv,SRC0609.yuv,640,480,yuv420p,8
SRC0610.yuv,SRC0610.yuv,640,480,yuv420p,8
SRC0611.yuv,SRC0611.yuv,640,480,yuv420p,8
SRC0612.yuv,SRC0612.yuv,640,480,yuv420p,8
SRC0613.yuv,SRC0613.yuv,640,480,yuv420p,8
SRC0614.yuv,SRC0614.yuv,640,480,yuv420p,8
SRC0615.yuv,SRC0615.yuv,640,480,yuv420p,8
SRC0616.yuv,SRC0616.yuv,640,480,yuv420p,8
SRC0617.yuv,SRC0617.yuv,640,480,yuv420p,8
SRC0618.yuv,SRC0618.yuv,640,480,yuv420p,8
SRC0619.yuv,SRC0619.yuv,640,480,yuv420p,8
SRC0620.yuv,SRC0620.yuv,640,480,yuv420p,8
SRC0621.yuv,SRC0621.yuv,640,480,yuv420p,8
SRC0622.yuv,SRC0622.yuv,640,480,yuv420p,8
SRC0623.yuv,SRC0623.yuv,640,480,yuv420p,8
SRC0624.yuv,SRC0624.yuv,640,480,yuv420p,8
SRC0625.yuv,SRC0625.yuv,640,480,yuv420p,8
SRC0626.yuv,SRC0626.yuv,640,480,yuv420p,8
SRC0627.yuv,SRC0627.yuv,640,480,yuv420p,8
SRC0628.yuv,SRC0628.yuv,640,480,yuv420p,8
SRC0629.yuv,SRC0629.yuv,640,480,yuv420p,8
SRC0630.yuv,SRC0630.yuv,640,480,yuv420p,8
SRC0631.yuv,SRC0631.yuv,640,480,yuv420p,8
SRC0632.yuv,SRC0632.yuv,640,480,yuv420p,8
SRC0633.yuv,SRC0633.yuv,640,480,yuv420p,8
SRC0634.yuv,SRC0634.yuv,640,480,yuv420p,8
SRC0635.yuv,SRC0635.yuv,640,480,yuv420p,8
SRC0636.yuv,SRC0636.yuv,640,480,yuv420p,8
SRC0637.yuv,SRC0637.yuv,640,480,yuv420p,8
SRC0638.yuv,SRC0638.yuv,640,480,yuv420p,8
SRC0639.yuv,SRC0639.yuv,640,480,yuv420p,8
SRC0640.yuv,SRC0640.yuv,640,480,yuv420p,8
SRC0641.yuv,SRC0641.yuv,640,480,yuv420p,8
SRC0642.yuv,SRC0642.yuv,640,480,yuv420p,8
SRC0643.yuv,SRC0643.yuv,640,480,yuv420p,8
SRC0644.yuv,SRC0644.yuv,640,480,yuv420p,8
SRC0645.yuv,SRC0645.yuv,640,480,yuv420p,8
SRC0646.yuv,SRC0646.yuv,640,480,yuv420p,8
SRC0647.yuv,SRC0647.yuv,640,480,yuv420p,8
SRC0648.yuv,SRC0648.yuv,640,480,yuv420p,8
SRC0649.yuv,SRC0649.yuv,640,480,yuv420p,8
SRC0650.yuv,SRC0650.yuv,640,480,yuv420p,8
SRC0651.yuv,SRC0651.yuv,640,480,yuv420p,8
SRC0652.yuv,SRC0652.yuv,640,480,yuv420p,8
SRC0653.yuv,SRC0653.yuv,640,480,yuv420p,8
SRC0654.yuv,SRC0654.yuv,640,480,yuv420p,8
SRC0655.yuv,SRC0655.yuv,640,480,yuv420p,8
SRC0656.yuv,SRC0656.yuv,640,480,yuv420p,8
SRC0657.yuv,SRC0657.yuv,640,480,yuv420p,8
SRC0658.yuv,SRC0658.yuv,640,480,yuv420p,8
SRC0659.yuv,SRC0659.yuv,640,480,yuv420p,8
SRC0660.yuv,SRC0660.yuv,640,480,yuv420p,8
SRC0661.yuv,SRC0661.yuv,640,480,yuv420p,8
SRC0662.yuv,SRC0662.yuv,640,480,yuv420p,8
SRC0663.yuv,SRC0663.yuv,640,480,yuv420p,8
SRC0664.yuv,SRC0664.yuv,640,480,yuv420p,8
SRC0665.yuv,SRC0665.yuv,640,480,yuv420p,8
SRC0666.yuv,SRC0666.yuv,640,480,yuv420p,8
SRC0667.yuv,SRC0667.yuv,640,480,yuv420p,8
SRC0668.yuv,SRC0668.yuv,640,480,yuv420p,8
SRC0669.yuv,SRC0669.yuv,640,480,yuv420p,8
SRC0670.yuv,SRC0670.yuv,640,480,yuv420p,8
SRC0671.yuv,SRC0671.yuv,640,480,yuv420p,8
SRC0672.yuv,SRC0672.yuv,640,480,yuv420p,8
SRC0673.yuv,SRC0673.yuv,640,480,yuv420p,8
SRC0674.yuv,SRC0674.yuv,640,480,yuv420p,8
SRC0675.yuv,SRC0675.yuv,640,480,yuv420p,8
SRC0676.yuv,SRC0676.yuv,640,480,yuv420p,8
SRC0677.yuv,SRC0677.yuv,640,480,yuv420p,8
SRC0678.yuv,SRC0678.yuv,640,480,yuv420p,8
SRC0679.yuv,SRC0679.yuv,640,480,yuv420p,8
SRC0680.yuv,SRC0680.yuv,640,480,yuv420p,8
SRC0681.yuv,SRC0681.yuv,640,480,yuv420p,8
SRC0682.yuv,SRC0682.yuv,640,480,yuv420p,8
SRC0683.yuv,SRC0683.yuv,640,480,yuv420p,8
SRC0684.yuv,SRC0684.yuv,640,480,yuv420p,8
SRC0685.yuv,SRC0685.yuv,640,480,yuv420p,8
SRC0686.yuv,SRC0686.yuv,640,480,yuv420p,8
SRC0687.yuv,SRC0687.yuv,640,480,yuv420p,8
SRC0688.yuv,SRC0688.yuv,640,480,yuv420p,8
SRC0689.yuv,SRC0689.yuv,640,480,yuv420p,8
SRC0690.yuv,SRC0690.yuv,640,480,yuv420p,8
SRC0691.yuv,SRC0691.yuv,640,480,yuv420p,8
SRC0692.yuv,SRC0692.yuv,640,480,yuv420p,8
SRC0693.yuv,SRC0693.yuv,640,480,yuv420p,8
SRC0694.yuv,SRC0694.yuv,640,480,yuv420p,8
SRC0695.yuv,SRC0695.yuv,640,480,yuv420p,8
SRC0696.yuv,SRC0696.yuv,640,480,yuv420p,8
SRC0697.yuv,SRC0697.yuv,640,480,yuv420p,8
SRC0698.yuv,SRC0698.yuv,640,480,yuv420p,8
SRC0699.yuv,SRC0699.yuv,640,480,yuv420p,8
SRC0700.yuv,SRC0700.yuv,640,480,yuv420p,8
SRC0701.yuv,SRC0701.yuv,640,480,yuv420p,8
SRC0702.yuv,SRC0702.yuv,640,480,yuv420p,8
SRC0703.yuv,SRC0703.yuv,640,480,yuv420p,8
SRC0704.yuv,SRC0704.yuv,640,480,yuv420p,8
SRC0705.yuv,SRC0705.yuv,640,480,yuv420p,8
SRC0706.yuv,SRC0706.yuv,640,480,yuv420p,8
SRC0707.yuv,SRC0707.yuv,640,480,yuv420p,8
SRC0708.yuv,SRC0708.yuv,640,480,yuv420p,8
SRC0709.yuv,SRC0709.yuv,640,480,yuv420p,8
SRC0710.yuv,SRC0710.yuv,640,480,yuv420p,8
SRC0711.yuv,SRC0711.yuv,640,480,yuv420p,8
SRC0712.yuv,SRC0712.yuv,640,480,yuv420p,8
SRC0713.yuv,SRC0713.yuv,640,480,yuv420p,8
SRC0714.yuv,SRC0714.yuv,640,480,yuv420p,8
SRC0715.yuv,SRC0715.yuv,640,480,yuv420p,8
SRC0716.yuv,SRC0716.yuv,640,480,yuv420p,8
SRC0717.yuv,SRC0717.yuv,640,480,yuv420p,8
SRC0718.yuv,SRC0718.yuv,640,480,yuv420p,8
SRC0719.yuv,SRC0719.yuv,640,480,yuv420p,8
SRC0720.yuv,SRC0720.yuv,640,480,yuv420p,8
SRC0721.yuv,SRC0721.yuv,640,480,yuv420p,8
SRC0722.yuv,SRC0722.yuv,640,480,yuv420p,8
SRC0723.yuv,SRC0723.yuv,640,480,yuv420p,8
SRC0724.yuv,SRC0724.yuv,640,480,yuv420p,8
SRC0725.yuv,SRC0725.yuv,640,480,yuv420p,8
SRC0726.yuv,SRC0726.yuv,640,480,yuv420p,8
SRC0727.yuv,SRC0727.yuv,640,480,yuv420p,8
SRC0728.yuv,SRC0728.yuv,640,480,yuv420p,8
SRC0729.yuv,SRC0729.yuv,640,480,yuv420p,8
SRC0730.yuv,SRC0730.yuv,640,480,yuv420p,8
SRC0731.yuv,SRC0731.yuv,640,480,yuv420p,8
SRC0732.yuv,SRC0732.yuv,640,480,yuv420p,8
SRC0733.yuv,SRC0733.yuv,640,480,yuv420p,8
SRC0734.yuv,SRC0734.yuv,640,480,yuv420p,8
SRC0735.yuv,SRC0735.yuv,640,480,yuv420p,8
SRC0736.yuv,SRC0736.yuv,640,480,yuv420p,8
SRC0737.yuv,SRC0737.yuv,640,480,yuv420p,8
SRC0738.yuv,SRC0738.yuv,640,480,yuv420p,8
SRC0739.yuv,SRC0739.yuv,640,480,yuv420p,8
SRC0740.yuv,SRC0740.yuv,640,480,yuv420p,8
SRC0741.yuv,SRC0741.yuv,640,480,yuv420p,8
SRC0742.yuv,SRC0742.yuv,640,480,yuv420p,8
SRC0743.yuv,SRC0743.yuv,640,480,yuv420p,8
SRC0744.yuv,SRC0744.yuv,640,480,yuv420p,8
SRC0745.yuv,SRC0745.yuv,640,480,yuv420p,8
SRC0746.yuv,SRC0746.yuv,640,480,yuv420p,8
SRC0747.yuv,SRC0747.yuv,640,480,yuv420p,8
SRC0748.yuv,SRC0748.yuv,640,480,yuv420p,8
SRC0749.yuv,SRC0749.yuv,640,480,yuv420p,8
SRC0750.yuv,SRC0750.yuv,640,480,yuv420p,8
SRC0751.yuv,SRC0751.yuv,640,480,yuv420p,8
SRC0752.yuv,SRC0752.yuv,640,480,yuv420p,8
SRC0753.yuv,SRC0753.yuv,640,480,yuv420p,8
SRC0754.yuv,SRC0754.yuv,640,480,yuv420p,8
SRC0755.yuv,SRC0755.yuv,640,480,yuv420p,8
SRC0756.yuv,SRC0756.yuv,640,480,yuv420p,8
SRC0757.yuv,SRC0757.yuv,640,480,yuv420p,8
SRC0758.yuv,SRC0758.yuv,640,480,yuv420p,8
SRC0759.yuv,SRC0759.yuv,640,480,yuv420p,8
SRC0760.yuv,SRC0760.yuv,640,480,yuv420p,8
SRC0761.yuv,SRC0761.yuv,640,480,yuv420p,8
SRC0762.yuv,SRC0762.yuv,640,480,yuv420p,8
SRC0763.yuv,SRC0763.yuv,640,480,yuv420p,8
SRC0764.yuv,SRC0764.yuv,640,480,yuv420p,8
SRC0765.yuv,SRC0765.yuv,640,480,yuv420p,8
SRC0766.yuv,SRC0766.yuv,640,480,yuv420p,8
SRC0767.yuv,SRC0767.yuv,640,480,yuv420p,8
SRC0768.yuv,SRC0768.yuv,640,480,yuv420p,8
SRC0769.yuv,SRC0769.yuv,640,480,yuv420p,8
SRC0770.yuv,SRC0770.yuv,640,480,yuv420p,8
SRC0771.yuv,SRC0771.yuv,640,480,yuv420p,8
SRC0772.yuv,SRC0772.yuv,640,480,yuv420p,8
SRC0773.yuv,SRC0773.yuv,640,480,yuv420p,8
SRC0774.yuv,SRC0774.yuv,640,480,yuv420p,8
SRC0775.yuv,SRC0775.yuv,640,480,yuv420p,8
SRC0776.yuv,SRC0776.yuv,640,480,yuv420p,8
SRC0777.yuv,SRC0777.yuv,640,480,yuv420p,8
SRC0778.yuv,SRC0778.yuv,640,480,yuv420p,8
SRC0779.yuv,SRC0779.yuv,640,480,yuv420p,8
SRC0780.yuv,SRC0780.yuv,640,480,yuv420p,8
SRC0781.yuv,SRC0781.yuv,640,480,yuv420p,8
SRC0782.yuv,SRC0782.yuv,640,480,yuv420p,8
SRC0783.yuv,SRC0783.yuv,640,480,yuv420p,8
SRC0784.yuv,SRC0784.yuv,640,480,yuv420p,8
SRC0785.yuv,SRC0785.yuv,640,480,yuv420p,8
SRC0786.yuv,SRC0786.yuv,640,480,yuv420p,8
SRC0787.yuv,SRC0787.yuv,640,480,yuv420p,8
SRC0788.yuv,SRC0788.yuv,640,480,yuv420p,8
SRC0789.yuv,SRC0789.yuv,640,480,yuv420p,8
SRC0790.yuv,SRC0790.yuv,640,480,yuv420p,8
SRC0791.yuv,SRC0791.yuv,640,480,yuv420p,8
SRC0792.yuv,SRC0792.yuv,640,480,yuv420p,8
SRC0793.yuv,SRC0793.yuv,640,480,yuv420p,8
SRC0794.yuv,SRC0794.yuv,640,480,yuv420p,8
SRC0795.yuv,SRC0795.yuv,640,480,yuv420p,8
SRC0796.yuv,SRC0796.yuv,640,480,yuv420p,8
SRC0797.yuv,SRC0797.yuv,640,480,yuv420p,8
SRC0798.yuv,SRC0798.yuv,640,480,yuv420p,8
SRC0799.yuv,SRC0799.yuv,640,480,yuv420p,8
SRC0800.yuv,SRC0800.yuv,640,480,yuv420p,8
SRC0801.yuv,SRC0801.yuv,640,480,yuv420p,8
SRC0802.yuv,SRC0802.yuv,640,480,yuv420p,8
SRC0803.yuv,SRC0803.yuv,640,480,yuv420p,8
SRC0804.yuv,SRC0804.yuv,640,480,yuv420p,8
SRC0805.yuv,SRC0805.yuv,640,480,yuv420p,8
SRC0806.yuv,SRC0806.yuv,640,480,yuv420p,8
SRC0807.yuv,SRC0807.yuv,640,480,yuv420p,8
SRC0808.yuv,SRC0808.yuv,640,480,yuv420p,8
SRC0809.yuv,SRC0809.yuv,640,480,yuv420p,8
SRC0810.yuv,SRC0810.yuv,640,480,yuv420p,8
SRC0811.yuv,SRC0811.yuv,640,480,yuv420p,8
SRC0812.yuv,SRC0812.yuv,640,480,yuv420p,8
SRC0813.yuv,SRC0813.yuv,640,480,yuv420p,8
SRC0814.yuv,SRC0814.yuv,640,480,yuv420p,8
SRC0815.yuv,SRC0815.yuv,640,480,yuv420p,8
SRC0816.yuv,SRC0816.yuv,640,480,yuv420p,8
SRC0817.yuv,SRC0817.yuv,640,480,yuv420p,8
SRC0818.yuv,SRC0818.yuv,640,480,yuv420p,8
SRC0819.yuv,SRC0819.yuv,640,480,yuv420p,8
SRC0820.yuv,SRC0820.yuv,640,480,yuv420p,8
SRC0821.yuv,SRC0821.yuv,640,480,yuv420p,8
SRC0822.yuv,SRC0822.yuv,640,480,yuv420p,8
SRC0823.yuv,SRC0823.yuv,640,480,yuv420p,8
SRC0824.yuv,SRC0824.yuv,640,480,yuv420p,8
SRC0825.yuv,SRC0825.yuv,640,480,yuv420p,8
SRC0826.yuv,SRC0826.yuv,640,480,yuv420p,8
SRC0827.yuv,SRC0827.yuv,640,480,yuv420p,8
SRC0828.yuv,SRC0828.yuv,640,480,yuv420p,8
SRC0829.yuv,SRC0829.yuv,640,480,yuv420p,8
SRC0830.yuv,SRC0830.yuv,640,480,yuv420p,8
SRC0831.yuv,SRC0831.yuv,640,480,yuv420p,8
SRC0832.yuv,SRC0832.yuv,640,480,yuv420p,8
SRC0833.yuv,SRC0833.yuv,640,480,yuv420p,8
SRC0834.yuv,SRC0834.yuv,640,480,yuv420p,8
SRC0835.yuv,SRC0835.yuv,640,480,yuv420p,8
SRC0836.yuv,SRC0836.yuv,640,480,yuv420p,8
SRC0837.yuv,SRC0837.yuv,640,480,yuv420p,8
SRC0838.yuv,SRC0838.yuv,640,480,yuv420p,8
SRC0839.yuv,SRC0839.yuv,640,480,yuv420p,8
SRC0840.yuv,SRC0840.yuv,640,480,yuv420p,8
SRC0841.yuv,SRC0841.yuv,640,480,yuv420p,8
SRC0842.yuv,SRC0842.yuv,640,480,yuv420p,8
SRC0843.yuv,SRC0843.yuv,640,480,yuv420p,8
SRC0844.yuv,SRC0844.yuv,640,480,yuv420p,8
SRC0845.yuv,SRC0845.yuv,640,480,yuv420p,8
SRC0846.yuv,SRC0846.yuv,640,480,yuv420p,8
SRC0847.yuv,SRC0847.yuv,640,480,yuv420p,8
SRC0848.yuv,SRC0848.yuv,640,480,yuv420p,8
SRC0849.yuv,SRC0849.yuv,640,480,yuv420p,8
SRC0850.yuv,SRC0850.yuv,640,480,yuv420p,8
SRC0851.yuv,SRC0851.yuv,640,480,yuv420p,8
SRC0852.yuv,SRC0852.yuv,640,480,yuv420p,8
SRC0853.yuv,SRC0853.yuv,640,480,yuv420p,8
SRC0854.yuv,SRC0854.yuv,640,480,yuv420p,8
SRC0855.yuv,SRC0855.yuv,640,480,yuv420p,8
SRC0856.yuv,SRC0856.yuv,640,480,yuv420p,8
SRC0857.yuv,SRC0857.yuv,640,480,yuv420p,8
SRC0858.yuv,SRC0858.yuv,640,480,yuv420p,8
SRC0859.yuv,SRC0859.yuv,640,480,yuv420p,8
SRC0860.yuv,SRC0860.yuv,640,480,yuv420p,8
SRC0861.yuv,SRC0861.yuv,640,480,yuv420p,8
SRC0862.yuv,SRC0862.yuv,640,480,yuv420p,8
SRC0863.yuv,SRC0863.yuv,640,480,yuv420p,8
SRC0864.yuv,SRC0864.yuv,640,480,yuv420p,8
SRC0865.yuv,SRC0865.yuv,640,480,yuv420p,8
SRC0866.yuv,SRC0866.yuv,640,480,yuv420p,8
SRC0867.yuv,SRC0867.yuv,640,480,yuv420p,8
SRC0868.yuv,SRC0868.yuv,640,480,yuv420p,8
SRC0869.yuv,SRC0869.yuv,640,480,yuv420p,8
SRC0870.yuv,SRC0870.yuv,640,480,yuv420p,8
SRC0871.yuv,SRC0871.yuv,640,480,yuv420p,8
SRC0872.yuv,SRC0872.yuv,640,480,yuv420p,8
SRC0873.yuv,SRC0873.yuv,640,480,yuv420p,8
SRC0874.yuv,SRC0874.yuv,640,480,yuv420p,8
SRC0875.yuv,SRC0875.yuv,640,480,yuv420p,8
SRC0876.yuv,SRC0876.yuv,640,480,yuv420p,8
SRC0877.yuv,SRC0877.yuv,640,480,yuv420p,8
SRC0878.yuv,SRC0878.yuv,640,480,yuv420p,8
SRC0879.yuv,SRC0879.yuv,640,480,yuv420p,8
SRC0880.yuv,SRC0880.yuv,640,480,yuv420p,8
SRC0881.yuv,SRC0881.yuv,640,480,yuv420p,8
SRC0882.yuv,SRC0882.yuv,640,480,yuv420p,8
SRC0883.yuv,SRC0883.yuv,640,480,yuv420p,8
SRC0884.yuv,SRC0884.yuv,640,480,yuv420p,8
SRC0885.yuv,SRC0885.yuv,640,480,yuv420p,8
SRC0886.yuv,SRC0886.yuv,640,480,yuv420p,8
SRC0887.yuv,SRC0887.yuv,640,480,yuv420p,8
SRC0888.yuv,SRC0888.yuv,640,480,yuv420p,8
SRC0889.yuv,SRC0889.yuv,640,480,yuv420p,8
SRC0890.yuv,SRC0890.yuv,640,480,yuv420p,8
SRC0891.yuv,SRC0891.yuv,640,480,yuv420p,8
SRC0892.yuv,SRC0892.yuv,640,480,yuv420p,8
SRC0893.yuv,SRC0893.yuv,640,480,yuv420p,8
SRC0894.yuv,SRC0894.yuv,640,480,yuv420p,8
SRC0895.yuv,SRC0895.yuv,640,480,yuv420p,8
SRC0896.yuv,SRC0896.yuv,640,480,yuv420p,8
SRC0897.yuv,SRC0897.yuv,640,480,yuv420p,8
SRC0898.yuv,SRC0898.yuv,640,480,yuv420p,8
SRC0899.yuv,SRC0899.yuv,640,480,yuv420p,8
SRC0900.yuv,SRC0900.yuv,640,480,yuv420p,8
SRC0901.yuv,SRC0901.yuv,640,480,yuv420p,8
SRC0902.yuv,SRC0902.yuv,640,480,yuv420p,8
SRC0903.yuv,SRC0903.yuv,640,480,yuv420p,8
SRC0904.yuv,SRC0904.yuv,640,480,yuv420p,8
SRC0905.yuv,SRC0905.yuv,640,480,yuv420p,8
SRC0906.yuv,SRC0906.yuv,640,480,yuv420p,8
SRC0907.yuv,SRC0907.yuv,640,480,yuv420p,8
SRC0908.yuv,SRC0908.yuv,640,480,yuv420p,8
SRC0909.yuv,SRC0909.yuv,640,480,yuv420p,8
SRC0910.yuv,SRC0910.yuv,640,480,yuv420p,8
SRC0911.yuv,SRC0911.yuv,640,480,yuv420p,8
SRC0912.yuv,SRC0912.yuv,640,480,yuv420p,8
SRC0913.yuv,SRC0913.yuv,640,480,yuv420p,8
SRC0914.yuv,SRC0914.yuv,640,480,yuv420p,8
SRC0915.yuv,SRC0915.yuv,640,480,yuv420p,8
SRC0916.yuv,SRC0916.yuv,640,480,yuv420p,8
SRC0917.yuv,SRC0917.yuv,640,480,yuv420p,8
SRC0918.yuv,SRC0918.yuv,640,480,yuv420p,8
SRC0919.yuv,SRC0919.yuv,640,480,yuv420p,8
SRC0920.yuv,SRC0920.yuv,640,480,yuv420p,8
SRC0921.yuv,SRC0921.yuv,640,480,yuv420p,8
SRC0922.yuv,SRC0922.yuv,640,480,yuv420p,8
SRC0923.yuv,SRC0923.yuv,640,480,yuv420p,8
SRC0924.yuv,SRC0924.yuv,640,480,yuv420p,8
SRC0925.yuv,SRC0925.yuv,640,480,yuv420p,8
SRC0926.yuv,SRC0926.yuv,640,480,yuv420p,8
SRC0927.yuv,SRC0927.yuv,640,480,yuv420p,8
SRC0928.yuv,SRC0928.yuv,640,480,yuv420p,8
SRC0929.yuv,SRC0929.yuv,640,480,yuv420p,8
SRC0930.yuv,SRC0930.yuv,640,480,yuv420p,8
SRC0931.yuv,SRC0931.yuv,640,480,yuv420p,8
SRC0932.yuv,SRC0932.yuv,640,480,yuv420p,8
SRC0933.yuv,SRC0933.yuv,640,480,yuv420p,8
SRC0934.yuv,SRC0934.yuv,640,480,yuv420p,8
SRC0935.yuv,SRC0935.yuv,640,480,yuv420p,8
SRC0936.yuv,SRC0936.yuv,640,480,yuv420p,8
SRC0937.yuv,SRC0937.yuv,640,480,yuv420p,8
SRC0938.yuv,SRC0938.yuv,640,480,yuv420p,8
SRC0939.yuv,SRC0939.yuv,640,480,yuv420p,8
SRC0940.yuv,SRC0940.yuv,640,480,yuv420p,8
SRC0941.yuv,SRC0941.yuv,640,480,yuv420p,8
SRC0942.yuv,SRC0942.yuv,640,480,yuv420p,8
SRC0943.yuv,SRC0943.yuv,640,480,yuv420p,8
SRC0944.yuv,SRC0944.yuv,640,480,yuv420p,8
SRC0945.yuv,SRC0945.yuv,640,480,yuv420p,8
SRC0946.yuv,SRC0946.yuv,640,480,yuv420p,8
SRC0947.yuv,SRC0947.yuv,640,480,yuv420p,8
SRC0948.yuv,SRC0948.yuv,640,480,yuv420p,8
SRC0949.yuv,SRC0949.yuv,640,480,yuv420p,8
SRC0950.yuv,SRC0950.yuv,640,480,yuv420p,8
SRC0951.yuv,SRC0951.yuv,640,480,yuv420p,8
SRC0952.yuv,SRC0952.yuv,640,480,yuv420p,8
SRC0953.yuv,SRC0953.yuv,640,480,yuv420p,8
SRC0954.yuv,SRC0954.yuv,640,480,yuv420p,8
SRC0955.yuv,SRC0955.yuv,640,480,yuv420p,8
SRC0956.yuv,SRC0956.yuv,640,480,yuv420p,8
SRC0957.yuv,SRC0957.yuv,640,480,yuv420p,8
SRC0958.yuv,SRC0958.yuv,640,480,yuv420p,8
SRC0959.yuv,SRC0959.yuv,640,480,yuv420p,8
SRC0960.yuv,SRC0960.yuv,640,480,yuv420p,8
SRC0961.yuv,SRC0961.yuv,640,480,yuv420p,8
SRC0962.yuv,SRC0962.yuv,640,480,yuv420p,8
SRC0963.yuv,SRC0963.yuv,640,480,yuv420p,8
SRC0964.yuv,SRC0964.yuv,640,480,yuv420p,8
SRC0965.yuv,SRC0965.yuv,640,480,yuv420p,8
SRC0966.yuv,SRC0966.yuv,640,480,yuv420p,8
SRC0967.yuv,SRC0967.yuv,640,480,yuv420p,8
SRC0968.yuv,SRC0968.yuv,640,480,yuv420p,8
SRC0969.yuv,SRC0969.yuv,640,480,yuv420p,8
SRC0970.yuv,SRC0970.yuv,640,480,yuv420p,8
SRC0971.yuv,SRC0971.yuv,640,480,yuv420p,8
SRC0972.yuv,SRC0972.yuv,640,480,yuv420p,8
SRC0973.yuv,SRC0973.yuv,640,480,yuv420p,8
SRC0974.yuv,SRC0974.yuv,640,480,yuv420p,8
SRC0975.yuv,SRC0975.yuv,640,480,yuv420p,8
SRC0976.yuv,SRC0976.yuv,640,480,yuv420p,8
SRC0977.yuv,SRC0977.yuv,640,480,yuv420p,8
SRC0978.yuv,SRC0978.yuv,640,480,yuv420p,8
SRC0979.yuv,SRC0979.yuv,640,480,yuv420p,8
SRC0980.yuv,SRC0980.yuv,640,480,yuv420p,8
SRC0981.yuv,SRC0981.yuv,640,480,yuv420p,8
SRC0982.yuv,SRC0982.yuv,640,480,yuv420p,8
SRC0983.yuv,SRC0983.yuv,640,480,yuv420p,8
SRC0984.yuv,SRC0984.yuv,640,480,yuv420p,8
SRC0985.yuv,SRC0985.yuv,640,480,yuv420p,8
SRC0986.yuv,SRC0986.yuv,640,480,yuv420p,8
SRC0987.yuv,SRC0987.yuv,640,480,yuv420p,8
SRC0988.yuv,SRC0988.yuv,640,480,yuv420p,8
SRC0989.yuv,SRC0989.yuv,640,480,yuv420p,8
SRC0990.yuv,SRC0990.yuv,640,480,yuv420p,8
SRC0991.yuv,SRC0991.yuv,640,480,yuv420p,8
SRC0992.yuv,SRC0992.yuv,640,480,yuv420p,8
SRC0993.yuv,SRC0993.yuv,640,480,yuv420p,8
SRC0994.yuv,SRC0994.yuv,640,480,yuv420p,8
SRC0995.yuv,SRC0995.yuv,640,480,yuv420p,8
SRC0996.yuv,SRC0996.yuv,640,480,yuv420p,8
SRC0997.yuv,SRC0997.yuv,640,480,yuv420p,8
SRC0998.yuv,SRC0998.yuv,640,480,yuv420p,8
SRC0999.yuv,SRC0999.yuv,640,480,yuv420p,8
SRC1000.yuv,SRC1000.yuv,640,480,yuv420p,8
SRC1001.yuv,SRC1001.yuv,640,480,yuv420p,8
SRC1002.yuv,SRC1002.yuv,640,480,yuv420p,8
SRC1003.yuv,SRC1003.yuv,640,480,yuv420p,8
SRC1004.yuv,SRC1004.yuv,640,480,yuv420p,8
SRC1005.yuv,SRC1005.yuv,640,480,yuv420p,8
SRC1006.yuv,SRC1006.yuv,640,480,yuv420p,8
SRC1007.yuv,SRC1007.yuv,640,480,yuv420p,8
SRC1008.yuv,SRC1008.yuv,640,480,yuv420p,8
0965.yuv,0965.yuv,2040,1312,yuv420p,8
0992.yuv,0992.yuv,2040,1360,yuv420p,8
0919.yuv,0919.yuv,2040,1360,yuv420p,8
0921.yuv,0921.yuv,2040,1360,yuv420p,8
0916.yuv,0916.yuv,2040,1368,yuv420p,8
0904.yuv,0904.yuv,2040,1536,yuv420p,8
0907.yuv,0907.yuv,1504,2040,yuv420p,8
0954.yuv,0954.yuv,2040,1360,yuv420p,8
0911.yuv,0911.yuv,2040,1320,yuv420p,8
0960.yuv,0960.yuv,1536,2040,yuv420p,8
0981.yuv,0981.yuv,1944,2040,yuv420p,8
0975.yuv,0975.yuv,1360,2040,yuv420p,8
0908.yuv,0908.yuv,2040,1360,yuv420p,8
0931.yuv,0931.yuv,2040,1360,yuv420p,8
0953.yuv,0953.yuv,2040,1368,yuv420p,8
0912.yuv,0912.yuv,2040,1080,yuv420p,8
0946.yuv,0946.yuv,2040,1360,yuv420p,8
0976.yuv,0976.yuv,2040,1360,yuv420p,8
0928.yuv,0928.yuv,1360,2040,yuv420p,8
0943.yuv,0943.yuv,2040,1360,yuv420p,8
0973.yuv,0973.yuv,2040,1360,yuv420p,8
0940.yuv,0940.yuv,2040,1320,yuv420p,8
0995.yuv,0995.yuv,2040,1368,yuv420p,8
0983.yuv,0983.yuv,1360,2040,yuv420p,8
0972.yuv,0972.yuv,1360,2040,yuv420p,8
0914.yuv,0914.yuv,2040,1152,yuv420p,8
0951.yuv,0951.yuv,2040,1360,yuv420p,8
0993.yuv,0993.yuv,2040,1000,yuv420p,8
0917.yuv,0917.yuv,2040,1360,yuv420p,8
0930.yuv,0930.yuv,2040,1360,yuv420p,8
0971.yuv,0971.yuv,2040,1360,yuv420p,8
0949.yuv,0949.yuv,2040,1360,yuv420p,8
0947.yuv,0947.yuv,2040,1048,yuv420p,8
0961.yuv,0961.yuv,2040,1360,yuv420p,8
0901.yuv,0901.yuv,2040,1360,yuv420p,8
0938.yuv,0938.yuv,2040,1360,yuv420p,8
0942.yuv,0942.yuv,2040,1360,yuv420p,8
0910.yuv,0910.yuv,2040,1360,yuv420p,8
0978.yuv,0978.yuv,2040,1272,yuv420p,8
0986.yuv,0986.yuv,2040,1536,yuv420p,8
0933.yuv,0933.yuv,2040,1360,yuv420p,8
0927.yuv,0927.yuv,2040,1024,yuv420p,8
0988.yuv,0988.yuv,2040,1360,yuv420p,8
0998.yuv,0998.yuv,2040,1360,yuv420p,8
0997.yuv,0997.yuv,2040,1152,yuv420p,8
0990.yuv,0990.yuv,2040,1360,yuv420p,8
0962.yuv,0962.yuv,2040,1320,yuv420p,8
0982.yuv,0982.yuv,2040,1272,yuv420p,8
0952.yuv,0952.yuv,2040,1360,yuv420p,8
0968.yuv,0968.yuv,2040,1272,yuv420p,8
0937.yuv,0937.yuv,2040,1360,yuv420p,8
0984.yuv,0984.yuv,2040,1152,yuv420p,8
0964.yuv,0964.yuv,2040,1152,yuv420p,8
0989.yuv,0989.yuv,2040,1360,yuv420p,8
0980.yuv,0980.yuv,2040,1360,yuv420p,8
0944.yuv,0944.yuv,2040,1384,yuv420p,8
0963.yuv,0963.yuv,2040,1360,yuv420p,8
0945.yuv,0945.yuv,2040,1536,yuv420p,8
0994.yuv,0994.yuv,2040,1360,yuv420p,8
0939.yuv,0939.yuv,2040,1360,yuv420p,8
0991.yuv,0991.yuv,2040,1624,yuv420p,8
0922.yuv,0922.yuv,2040,1360,yuv420p,8
0902.yuv,0902.yuv,2040,1360,yuv420p,8
0918.yuv,0918.yuv,2040,1360,yuv420p,8
0924.yuv,0924.yuv,1360,2040,yuv420p,8
0935.yuv,0935.yuv,2040,1360,yuv420p,8
0979.yuv,0979.yuv,2040,1368,yuv420p,8
0987.yuv,0987.yuv,2040,1360,yuv420p,8
0923.yuv,0923.yuv,2040,1632,yuv420p,8
0915.yuv,0915.yuv,2040,1360,yuv420p,8
0913.yuv,0913.yuv,2040,1360,yuv420p,8
0966.yuv,0966.yuv,2040,1360,yuv420p,8
0926.yuv,0926.yuv,2040,928,yuv420p,8
0957.yuv,0957.yuv,2040,1416,yuv420p,8
0950.yuv,0950.yuv,2040,1360,yuv420p,8
0956.yuv,0956.yuv,2040,1360,yuv420p,8
0959.yuv,0959.yuv,2040,1336,yuv420p,8
0929.yuv,0929.yuv,2040,1360,yuv420p,8
0977.yuv,0977.yuv,2040,1360,yuv420p,8
1000.yuv,1000.yuv,2040,1368,yuv420p,8
0909.yuv,0909.yuv,2040,1368,yuv420p,8
0934.yuv,0934.yuv,1360,2040,yuv420p,8
0996.yuv,0996.yuv,1416,2040,yuv420p,8
0920.yuv,0920.yuv,2040,1368,yuv420p,8
0906.yuv,0906.yuv,2040,1360,yuv420p,8
0925.yuv,0925.yuv,2040,1440,yuv420p,8
0932.yuv,0932.yuv,2040,1360,yuv420p,8
0999.yuv,0999.yuv,2040,1360,yuv420p,8
0985.yuv,0985.yuv,2040,1360,yuv420p,8
0969.yuv,0969.yuv,2040,1032,yuv420p,8
0970.yuv,0970.yuv,2040,1504,yuv420p,8
0974.yuv,0974.yuv,2040,1152,yuv420p,8
0936.yuv,0936.yuv,2040,1456,yuv420p,8
0955.yuv,0955.yuv,1360,2040,yuv420p,8
0948.yuv,0948.yuv,1536,2040,yuv420p,8
0941.yuv,0941.yuv,2040,1536,yuv420p,8
0903.yuv,0903.yuv,2040,1536,yuv420p,8
0905.yuv,0905.yuv,2040,1360,yuv420p,8
0967.yuv,0967.yuv,2040,1320,yuv420p,8
0958.yuv,0958.yuv,1360,2040,yuv420p,8
0149.yuv,0149.yuv,2040,1752,yuv420p,8
0608.yuv,0608.yuv,1360,2040,yuv420p,8
0379.yuv,0379.yuv,2040,1368,yuv420p,8
0179.yuv,0179.yuv,2040,1360,yuv420p,8
0065.yuv,0065.yuv,2040,1192,yuv420p,8
0358.yuv,0358.yuv,2040,1360,yuv420p,8
0178.yuv,0178.yuv,2040,1360,yuv420p,8
0094.yuv,0094.yuv,2040,1272,yuv420p,8
0088.yuv,0088.yuv,2040,1360,yuv420p,8
0638.yuv,0638.yuv,2040,1360,yuv420p,8
0597.yuv,0597.yuv,1360,2040,yuv420p,8
0221.yuv,0221.yuv,2040,1360,yuv420p,8
0233.yuv,0233.yuv,2040,1368,yuv420p,8
0686.yuv,0686.yuv,2040,1360,yuv420p,8
0026.yuv,0026.yuv,2040,1536,yuv420p,8
0198.yuv,0198.yuv,2040,1360,yuv420p,8
0671.yuv,0671.yuv,2040,1360,yuv420p,8
0765.yuv,0765.yuv,2040,1360,yuv420p,8
0725.yuv,0725.yuv,2040,1360,yuv420p,8
0173.yuv,0173.yuv,2040,1360,yuv420p,8
0262.yuv,0262.yuv,2040,1360,yuv420p,8
0140.yuv,0140.yuv,2040,1360,yuv420p,8
0659.yuv,0659.yuv,2040,1360,yuv420p,8
0714.yuv,0714.yuv,2040,1528,yuv420p,8
0219.yuv,0219.yuv,2040,1368,yuv420p,8
0292.yuv,0292.yuv,2040,1360,yuv420p,8
0290.yuv,0290.yuv,2040,1360,yuv420p,8
0385.yuv,0385.yuv,1440,2040,yuv420p,8
0520.yuv,0520.yuv,2040,1360,yuv420p,8
0552.yuv,0552.yuv,2040,1360,yuv420p,8
0637.yuv,0637.yuv,2040,1536,yuv420p,8
0062.yuv,0062.yuv,2040,1432,yuv420p,8
0133.yuv,0133.yuv,2040,1360,yuv420p,8
0377.yuv,0377.yuv,2040,1360,yuv420p,8
0165.yuv,0165.yuv,2040,1360,yuv420p,8
0449.yuv,0449.yuv,1368,2040,yuv420p,8
0084.yuv,0084.yuv,2040,1368,yuv420p,8
0699.yuv,0699.yuv,1576,2040,yuv420p,8
0174.yuv,0174.yuv,2040,1312,yuv420p,8
0744.yuv,0744.yuv,2040,1584,yuv420p,8
0745.yuv,0745.yuv,2040,1144,yuv420p,8
0127.yuv,0127.yuv,2040,1360,yuv420p,8
0415.yuv,0415.yuv,1360,2040,yuv420p,8
0710.yuv,0710.yuv,2040,936,yuv420p,8
0311.yuv,0311.yuv,2040,1192,yuv420p,8
0041.yuv,0041.yuv,2040,1360,yuv420p,8
0004.yuv,0004.yuv,2040,1344,yuv420p,8
0620.yuv,0620.yuv,2040,1360,yuv420p,8
0448.yuv,0448.yuv,2040,1536,yuv420p,8
0236.yuv,0236.yuv,2040,1360,yuv420p,8
0548.yuv,0548.yuv,2040,1360,yuv420p,8
0298.yuv,0298.yuv,2040,1224,yuv420p,8
0603.yuv,0603.yuv,1360,2040,yuv420p,8
0711.yuv,0711.yuv,2040,1536,yuv420p,8
0006.yuv,0006.yuv,1360,2040,yuv420p,8
0280.yuv,0280.yuv,2040,1152,yuv420p,8
0406.yuv,0406.yuv,1360,2040,yuv420p,8
0518.yuv,0518.yuv,2040,960,yuv420p,8
0670.yuv,0670.yuv,1360,2040,yuv420p,8
0027.yuv,0027.yuv,2040,1552,yuv420p,8
0039.yuv,0039.yuv,2040,1360,yuv420p,8
0018.yuv,0018.yuv,2040,1368,yuv420p,8
0180.yuv,0180.yuv,2040,1360,yuv420p,8
0718.yuv,0718.yuv,2040,1360,yuv420p,8
0788.yuv,0788.yuv,2040,1360,yuv420p,8
0729.yuv,0729.yuv,2040,1360,yuv420p,8
0646.yuv,0646.yuv,2040,1480,yuv420p,8
0168.yuv,0168.yuv,2040,1360,yuv420p,8
0771.yuv,0771.yuv,2040,1360,yuv420p,8
0602.yuv,0602.yuv,2040,1360,yuv420p,8
0489.yuv,0489.yuv,2040,1536,yuv420p,8
0087.yuv,0087.yuv,2040,1360,yuv420p,8
0234.yuv,0234.yuv,2040,1360,yuv420p,8
0544.yuv,0544.yuv,2040,1360,yuv420p,8
0404.yuv,0404.yuv,2040,1632,yuv420p,8
0649.yuv,0649.yuv,2040,1536,yuv420p,8
0209.yuv,0209.yuv,2040,1360,yuv420p,8
0370.yuv,0370.yuv,2040,1360,yuv420p,8
0141.yuv,0141.yuv,2040,1360,yuv420p,8
0767.yuv,0767.yuv,2040,1576,yuv420p,8
0272.yuv,0272.yuv,2040,1192,yuv420p,8
0504.yuv,0504.yuv,2040,1360,yuv420p,8
0493.yuv,0493.yuv,2040,1360,yuv420p,8
0556.yuv,0556.yuv,2040,1360,yuv420p,8
0284.yuv,0284.yuv,2040,1360,yuv420p,8
0326.yuv,0326.yuv,2040,1360,yuv420p,8
0122.yuv,0122.yuv,2040,960,yuv420p,8
0230.yuv,0230.yuv,2040,1392,yuv420p,8
0455.yuv,0455.yuv,2040,1128,yuv420p,8
0578.yuv,0578.yuv,2040,1248,yuv420p,8
0644.yuv,0644.yuv,2040,1360,yuv420p,8
0155.yuv,0155.yuv,2040,2040,yuv420p,8
0159.yuv,0159.yuv,2040,1360,yuv420p,8
0540.yuv,0540.yuv,2040,1360,yuv420p,8
0249.yuv,0249.yuv,2040,1360,yuv420p,8
0349.yuv,0349.yuv,2040,1392,yuv420p,8
0569.yuv,0569.yuv,2040,1360,yuv420p,8
0443.yuv,0443.yuv,2040,1360,yuv420p,8
0759.yuv,0759.yuv,2040,1360,yuv420p,8
0375.yuv,0375.yuv,1360,2040,yuv420p,8
0441.yuv,0441.yuv,2040,1192,yuv420p,8
0507.yuv,0507.yuv,2040,1360,yuv420p,8
0397.yuv,0397.yuv,2040,1264,yuv420p,8
0425.yuv,0425.yuv,2040,1360,yuv420p,8
0704.yuv,0704.yuv,2040,1360,yuv420p,8
0297.yuv,0297.yuv,2040,1344,yuv420p,8
0495.yuv,0495.yuv,2040,1360,yuv420p,8
0531.yuv,0531.yuv,2040,1536,yuv420p,8
0555.yuv,0555.yuv,2040,1360,yuv420p,8
0405.yuv,0405.yuv,2040,1360,yuv420p,8
0238.yuv,0238.yuv,1296,2040,yuv420p,8
0609.yuv,0609.yuv,2040,1360,yuv420p,8
0708.yuv,0708.yuv,2040,1360,yuv420p,8
0492.yuv,0492.yuv,2040,1360,yuv420p,8
0737.yuv,0737.yuv,2040,1360,yuv420p,8
0527.yuv,0527.yuv,2040,1048,yuv420p,8
0732.yuv,0732.yuv,2040,1536,yuv420p,8
0077.yuv,0077.yuv,2040,1360,yuv420p,8
0776.yuv,0776.yuv,2040,1536,yuv420p,8
0764.yuv,0764.yuv,2040,1344,yuv420p,8
0244.yuv,0244.yuv,2040,1536,yuv420p,8
0650.yuv,0650.yuv,2040,1456,yuv420p,8
0629.yuv,0629.yuv,2040,1464,yuv420p,8
0154.yuv,0154.yuv,2040,1360,yuv420p,8
0526.yuv,0526.yuv,2040,1360,yuv420p,8
0677.yuv,0677.yuv,2040,1384,yuv420p,8
0487.yuv,0487.yuv,2040,1360,yuv420p,8
0363.yuv,0363.yuv,2040,1360,yuv420p,8
0534.yuv,0534.yuv,2040,1224,yuv420p,8
0082.yuv,0082.yuv,2040,1216,yuv420p,8
0481.yuv,0481.yuv,2040,1368,yuv420p,8
0730.yuv,0730.yuv,2040,1360,yuv420p,8
0047.yuv,0047.yuv,2040,1360,yuv420p,8
0057.yuv,0057.yuv,2040,1360,yuv420p,8
0607.yuv,0607.yuv,2040,1360,yuv420p,8
0576.yuv,0576.yuv,2040,1360,yuv420p,8
0568.yuv,0568.yuv,1824,2040,yuv420p,8
0501.yuv,0501.yuv,2040,1360,yuv420p,8
0302.yuv,0302.yuv,2040,1360,yuv420p,8
0447.yuv,0447.yuv,2040,1696,yuv420p,8
0604.yuv,0604.yuv,2040,1360,yuv420p,8
0032.yuv,0032.yuv,2040,1360,yuv420p,8
0683.yuv,0683.yuv,2040,1360,yuv420p,8
0124.yuv,0124.yuv,1360,2040,yuv420p,8
0347.yuv,0347.yuv,2040,1800,yuv420p,8
0350.yuv,0350.yuv,1120,2040,yuv420p,8
0505.yuv,0505.yuv,2040,1144,yuv420p,8
0002.yuv,0002.yuv,2040,1848,yuv420p,8
0794.yuv,0794.yuv,2040,1272,yuv420p,8
0437.yuv,0437.yuv,2040,648,yuv420p,8
0396.yuv,0396.yuv,2040,1360,yuv420p,8
0013.yuv,0013.yuv,2040,1368,yuv420p,8
0128.yuv,0128.yuv,2040,1288,yuv420p,8
0430.yuv,0430.yuv,2040,1368,yuv420p,8
0185.yuv,0185.yuv,2040,1152,yuv420p,8
0473.yuv,0473.yuv,2040,1360,yuv420p,8
0685.yuv,0685.yuv,2040,1080,yuv420p,8
0739.yuv,0739.yuv,2040,1360,yuv420p,8
0743.yuv,0743.yuv,2040,1360,yuv420p,8
0651.yuv,0651.yuv,2040,1224,yuv420p,8
0460.yuv,0460.yuv,1944,2040,yuv420p,8
0014.yuv,0014.yuv,1360,2040,yuv420p,8
0596.yuv,0596.yuv,2040,1360,yuv420p,8
0563.yuv,0563.yuv,2040,1360,yuv420p,8
0314.yuv,0314.yuv,2040,1360,yuv420p,8
0369.yuv,0369.yuv,2040,1360,yuv420p,8
0074.yuv,0074.yuv,2040,1360,yuv420p,8
0522.yuv,0522.yuv,1360,2040,yuv420p,8
0206.yuv,0206.yuv,2040,1360,yuv420p,8
0398.yuv,0398.yuv,2040,1360,yuv420p,8
0424.yuv,0424.yuv,2040,1360,yuv420p,8
0307.yuv,0307.yuv,2040,1360,yuv420p,8
0445.yuv,0445.yuv,2040,1360,yuv420p,8
0268.yuv,0268.yuv,2040,1360,yuv420p,8
0371.yuv,0371.yuv,2040,1360,yuv420p,8
0570.yuv,0570.yuv,2040,1360,yuv420p,8
0610.yuv,0610.yuv,2040,1440,yuv420p,8
0442.yuv,0442.yuv,2040,1360,yuv420p,8
0475.yuv,0475.yuv,2040,1360,yuv420p,8
0095.yuv,0095.yuv,2040,1360,yuv420p,8
0416.yuv,0416.yuv,2040,1360,yuv420p,8
0336.yuv,0336.yuv,2040,1360,yuv420p,8
0273.yuv,0273.yuv,2040,1360,yuv420p,8
0660.yuv,0660.yuv,2040,1360,yuv420p,8
0207.yuv,0207.yuv,2040,1360,yuv420p,8
0378.yuv,0378.yuv,2040,1536,yuv420p,8
0228.yuv,0228.yuv,2040,1360,yuv420p,8
0265.yuv,0265.yuv,2040,1360,yuv420p,8
0658.yuv,0658.yuv,2040,1360,yuv420p,8
0728.yuv,0728.yuv,2040,1368,yuv420p,8
0360.yuv,0360.yuv,2040,2008,yuv420p,8
0457.yuv,0457.yuv,1168,2040,yuv420p,8
0106.yuv,0106.yuv,2040,1152,yuv420p,8
0186.yuv,0186.yuv,2040,1360,yuv420p,8
0352.yuv,0352.yuv,2040,888,yuv420p,8
0196.yuv,0196.yuv,2040,1360,yuv420p,8
0251.yuv,0251.yuv,2040,1360,yuv420p,8
0775.yuv,0775.yuv,2040,1360,yuv420p,8
0224.yuv,0224.yuv,2040,1360,yuv420p,8
0717.yuv,0717.yuv,2040,1360,yuv420p,8
0285.yuv,0285.yuv,1240,2040,yuv420p,8
0499.yuv,0499.yuv,2040,1360,yuv420p,8
0736.yuv,0736.yuv,2040,1456,yuv420p,8
0605.yuv,0605.yuv,2040,1432,yuv420p,8
0033.yuv,0033.yuv,2040,1360,yuv420p,8
0210.yuv,0210.yuv,2040,1360,yuv420p,8
0361.yuv,0361.yuv,1536,2040,yuv420p,8
0402.yuv,0402.yuv,2040,1360,yuv420p,8
0076.yuv,0076.yuv,2040,1576,yuv420p,8
0176.yuv,0176.yuv,2040,1648,yuv420p,8
0471.yuv,0471.yuv,2040,1360,yuv420p,8
0156.yuv,0156.yuv,2040,1360,yuv420p,8
0669.yuv,0669.yuv,2040,1536,yuv420p,8
0427.yuv,0427.yuv,2040,1360,yuv420p,8
0134.yuv,0134.yuv,1776,2040,yuv420p,8
0217.yuv,0217.yuv,2040,2040,yuv420p,8
0490.yuv,0490.yuv,2040,1360,yuv420p,8
0162.yuv,0162.yuv,1368,2040,yuv420p,8
0103.yuv,0103.yuv,2040,1144,yuv420p,8
0058.yuv,0058.yuv,2040,1360,yuv420p,8
0111.yuv,0111.yuv,2040,1360,yuv420p,8
0043.yuv,0043.yuv,2040,1360,yuv420p,8
0253.yuv,0253.yuv,2040,1360,yuv420p,8
0324.yuv,0324.yuv,1360,2040,yuv420p,8
0123.yuv,0123.yuv,2040,1536,yuv420p,8
0121.yuv,0121.yuv,2040,1360,yuv420p,8
0114.yuv,0114.yuv,1368,2040,yuv420p,8
0204.yuv,0204.yuv,2040,1264,yuv420p,8
0237.yuv,0237.yuv,2040,1144,yuv420p,8
0508.yuv,0508.yuv,1368,2040,yuv420p,8
0365.yuv,0365.yuv,2040,1216,yuv420p,8
0423.yuv,0423.yuv,2040,1360,yuv420p,8
0308.yuv,0308.yuv,2040,1360,yuv420p,8
0452.yuv,0452.yuv,2040,1432,yuv420p,8
0567.yuv,0567.yuv,2040,1360,yuv420p,8
0050.yuv,0050.yuv,2040,1360,yuv420p,8
0793.yuv,0793.yuv,2040,1488,yuv420p,8
0145.yuv,0145.yuv,2040,736,yuv420p,8
0408.yuv,0408.yuv,2040,1464,yuv420p,8
0483.yuv,0483.yuv,2040,1360,yuv420p,8
0614.yuv,0614.yuv,1360,2040,yuv420p,8
0738.yuv,0738.yuv,2040,1360,yuv420p,8
0045.yuv,0045.yuv,2040,1144,yuv420p,8
0132.yuv,0132.yuv,2040,1296,yuv420p,8
0387.yuv,0387.yuv,2040,976,yuv420p,8
0310.yuv,0310.yuv,2040,1360,yuv420p,8
0543.yuv,0543.yuv,1360,2040,yuv420p,8
0751.yuv,0751.yuv,2040,1360,yuv420p,8
0184.yuv,0184.yuv,2040,1360,yuv420p,8
0291.yuv,0291.yuv,2040,1264,yuv420p,8
0611.yuv,0611.yuv,2040,1360,yuv420p,8
0160.yuv,0160.yuv,2040,1360,yuv420p,8
0056.yuv,0056.yuv,2040,1384,yuv420p,8
0703.yuv,0703.yuv,1360,2040,yuv420p,8
0580.yuv,0580.yuv,2040,1344,yuv420p,8
0338.yuv,0338.yuv,2040,1360,yuv420p,8
0083.yuv,0083.yuv,2040,1168,yuv420p,8
0515.yuv,0515.yuv,2040,1360,yuv420p,8
0719.yuv,0719.yuv,2040,1360,yuv420p,8
0433.yuv,0433.yuv,2040,1360,yuv420p,8
0785.yuv,0785.yuv,2040,1224,yuv420p,8
0304.yuv,0304.yuv,2040,1224,yuv420p,8
0167.yuv,0167.yuv,1360,2040,yuv420p,8
0777.yuv,0777.yuv,2040,1536,yuv420p,8
0496.yuv,0496.yuv,2040,1360,yuv420p,8
0521.yuv,0521.yuv,1368,2040,yuv420p,8
0420.yuv,0420.yuv,1536,2040,yuv420p,8
0203.yuv,0203.yuv,2040,1360,yuv420p,8
0482.yuv,0482.yuv,2040,1488,yuv420p,8
0533.yuv,0533.yuv,2040,1360,yuv420p,8
0720.yuv,0720.yuv,2040,1360,yuv420p,8
0757.yuv,0757.yuv,1432,2040,yuv420p,8
0317.yuv,0317.yuv,2040,1360,yuv420p,8
0181.yuv,0181.yuv,2040,1536,yuv420p,8
0458.yuv,0458.yuv,2040,1360,yuv420p,8
0562.yuv,0562.yuv,2040,1360,yuv420p,8
0021.yuv,0021.yuv,2040,768,yuv420p,8
0712.yuv,0712.yuv,2040,1792,yuv420p,8
0255.yuv,0255.yuv,2040,1360,yuv420p,8
0654.yuv,0654.yuv,2040,1344,yuv420p,8
0271.yuv,0271.yuv,2040,1536,yuv420p,8
0245.yuv,0245.yuv,2040,1536,yuv420p,8
0450.yuv,0450.yuv,2040,2040,yuv420p,8
0046.yuv,0046.yuv,1360,2040,yuv420p,8
0517.yuv,0517.yuv,2040,1536,yuv420p,8
0665.yuv,0665.yuv,2040,1360,yuv420p,8
0795.yuv,0795.yuv,2040,1152,yuv420p,8
0382.yuv,0382.yuv,2040,1360,yuv420p,8
0721.yuv,0721.yuv,2040,1360,yuv420p,8
0731.yuv,0731.yuv,2040,1360,yuv420p,8
0315.yuv,0315.yuv,2040,1200,yuv420p,8
0097.yuv,0097.yuv,2040,1192,yuv420p,8
0010.yuv,0010.yuv,2040,1648,yuv420p,8
0411.yuv,0411.yuv,2040,1264,yuv420p,8
0413.yuv,0413.yuv,2040,1368,yuv420p,8
0068.yuv,0068.yuv,2040,1384,yuv420p,8
0342.yuv,0342.yuv,2040,1360,yuv420p,8
0524.yuv,0524.yuv,2040,1360,yuv420p,8
0514.yuv,0514.yuv,2040,1368,yuv420p,8
0388.yuv,0388.yuv,2040,1360,yuv420p,8
0787.yuv,0787.yuv,2040,1360,yuv420p,8
0642.yuv,0642.yuv,2040,1360,yuv420p,8
0079.yuv,0079.yuv,2040,1360,yuv420p,8
0005.yuv,0005.yuv,1608,2040,yuv420p,8
0746.yuv,0746.yuv,2040,1360,yuv420p,8
0215.yuv,0215.yuv,2040,1560,yuv420p,8
0546.yuv,0546.yuv,2040,1536,yuv420p,8
0266.yuv,0266.yuv,2040,1360,yuv420p,8
0633.yuv,0633.yuv,2040,1360,yuv420p,8
0117.yuv,0117.yuv,2040,1360,yuv420p,8
0582.yuv,0582.yuv,2040,1360,yuv420p,8
0799.yuv,0799.yuv,2040,1360,yuv420p,8
0092.yuv,0092.yuv,2040,1152,yuv420p,8
0701.yuv,0701.yuv,2040,1344,yuv420p,8
0024.yuv,0024.yuv,2040,1360,yuv420p,8
0553.yuv,0553.yuv,2040,1360,yuv420p,8
0351.yuv,0351.yuv,2040,1360,yuv420p,8
0421.yuv,0421.yuv,1528,2040,yuv420p,8
0664.yuv,0664.yuv,2040,1632,yuv420p,8
0029.yuv,0029.yuv,2040,1360,yuv420p,8
0075.yuv,0075.yuv,2040,1360,yuv420p,8
0643.yuv,0643.yuv,2040,1536,yuv420p,8
0440.yuv,0440.yuv,2040,1360,yuv420p,8
0560.yuv,0560.yuv,2040,1096,yuv420p,8
0532.yuv,0532.yuv,1360,2040,yuv420p,8
0593.yuv,0593.yuv,2040,1360,yuv420p,8
0598.yuv,0598.yuv,2040,1360,yuv420p,8
0258.yuv,0258.yuv,2040,1360,yuv420p,8
0707.yuv,0707.yuv,2040,1360,yuv420p,8
0539.yuv,0539.yuv,2040,1368,yuv420p,8
0674.yuv,0674.yuv,2040,1360,yuv420p,8
0277.yuv,0277.yuv,2040,1360,yuv420p,8
0327.yuv,0327.yuv,2040,1152,yuv420p,8
0601.yuv,0601.yuv,2040,1360,yuv420p,8
0474.yuv,0474.yuv,2040,1360,yuv420p,8
0503.yuv,0503.yuv,2040,1360,yuv420p,8
0762.yuv,0762.yuv,2040,1296,yuv420p,8
0715.yuv,0715.yuv,2040,1336,yuv420p,8
0175.yuv,0175.yuv,2040,1072,yuv420p,8
0407.yuv,0407.yuv,2040,1360,yuv420p,8
0372.yuv,0372.yuv,2040,1144,yuv420p,8
0537.yuv,0537.yuv,2040,1360,yuv420p,8
0559.yuv,0559.yuv,2040,1536,yuv420p,8
0214.yuv,0214.yuv,2040,1360,yuv420p,8
0780.yuv,0780.yuv,2040,1360,yuv420p,8
0104.yuv,0104.yuv,2040,1320,yuv420p,8
0513.yuv,0513.yuv,2040,2040,yuv420p,8
0689.yuv,0689.yuv,2040,1360,yuv420p,8
0330.yuv,0330.yuv,2040,1144,yuv420p,8
0545.yuv,0545.yuv,1992,2040,yuv420p,8
0672.yuv,0672.yuv,2040,1312,yuv420p,8
0177.yuv,0177.yuv,2040,1360,yuv420p,8
0519.yuv,0519.yuv,2040,1360,yuv420p,8
0003.yuv,0003.yuv,2040,1360,yuv420p,8
0418.yuv,0418.yuv,2040,1360,yuv420p,8
0506.yuv,0506.yuv,2040,1360,yuv420p,8
0170.yuv,0170.yuv,2040,1152,yuv420p,8
0476.yuv,0476.yuv,2040,1456,yuv420p,8
0758.yuv,0758.yuv,2040,1360,yuv420p,8
0733.yuv,0733.yuv,2040,1312,yuv420p,8
0049.yuv,0049.yuv,2040,1360,yuv420p,8
0554.yuv,0554.yuv,2040,1336,yuv420p,8
0015.yuv,0015.yuv,2040,1360,yuv420p,8
0786.yuv,0786.yuv,2040,1360,yuv420p,8
0766.yuv,0766.yuv,2040,1360,yuv420p,8
0768.yuv,0768.yuv,2040,1360,yuv420p,8
0628.yuv,0628.yuv,1632,2040,yuv420p,8
0687.yuv,0687.yuv,2040,1536,yuv420p,8
0734.yuv,0734.yuv,1360,2040,yuv420p,8
0749.yuv,0749.yuv,2040,1336,yuv420p,8
0800.yuv,0800.yuv,2040,1336,yuv420p,8
0263.yuv,0263.yuv,2040,1336,yuv420p,8
0289.yuv,0289.yuv,1360,2040,yuv420p,8
0171.yuv,0171.yuv,2040,1536,yuv420p,8
0585.yuv,0585.yuv,2040,1248,yuv420p,8
0698.yuv,0698.yuv,1968,2040,yuv420p,8
0392.yuv,0392.yuv,2040,1152,yuv420p,8
0153.yuv,0153.yuv,2040,1360,yuv420p,8
0681.yuv,0681.yuv,2040,1360,yuv420p,8
0586.yuv,0586.yuv,1432,2040,yuv420p,8
0362.yuv,0362.yuv,2040,1464,yuv420p,8
0435.yuv,0435.yuv,2040,1360,yuv420p,8
0359.yuv,0359.yuv,2040,1360,yuv420p,8
0497.yuv,0497.yuv,2040,1360,yuv420p,8
0589.yuv,0589.yuv,2040,1360,yuv420p,8
0071.yuv,0071.yuv,1360,2040,yuv420p,8
0772.yuv,0772.yuv,2040,1360,yuv420p,8
0542.yuv,0542.yuv,2040,1144,yuv420p,8
0248.yuv,0248.yuv,2040,1360,yuv420p,8
0528.yuv,0528.yuv,2040,1536,yuv420p,8
0394.yuv,0394.yuv,2040,1536,yuv420p,8
0059.yuv,0059.yuv,1648,2040,yuv420p,8
0414.yuv,0414.yuv,1360,2040,yuv420p,8
0091.yuv,0091.yuv,2040,1536,yuv420p,8
0688.yuv,0688.yuv,2040,1360,yuv420p,8
0384.yuv,0384.yuv,2040,1360,yuv420p,8
0510.yuv,0510.yuv,2040,1360,yuv420p,8
0321.yuv,0321.yuv,2040,1360,yuv420p,8
0538.yuv,0538.yuv,2040,1360,yuv420p,8
0439.yuv,0439.yuv,2040,1392,yuv420p,8
0797.yuv,0797.yuv,2040,1416,yuv420p,8
0760.yuv,0760.yuv,1360,2040,yuv420p,8
0294.yuv,0294.yuv,2040,1360,yuv420p,8
0218.yuv,0218.yuv,2040,1360,yuv420p,8
0706.yuv,0706.yuv,2040,1368,yuv420p,8
0353.yuv,0353.yuv,2040,1536,yuv420p,8
0312.yuv,0312.yuv,1720,2040,yuv420p,8
0426.yuv,0426.yuv,2040,1168,yuv420p,8
0575.yuv,0575.yuv,2040,1360,yuv420p,8
0357.yuv,0357.yuv,2040,1176,yuv420p,8
0577.yuv,0577.yuv,1344,2040,yuv420p,8
0053.yuv,0053.yuv,2040,1360,yuv420p,8
0343.yuv,0343.yuv,2040,1200,yuv420p,8
0509.yuv,0509.yuv,2040,1368,yuv420p,8
0166.yuv,0166.yuv,2040,1360,yuv420p,8
0301.yuv,0301.yuv,2040,1360,yuv420p,8
0240.yuv,0240.yuv,2040,1840,yuv420p,8
0022.yuv,0022.yuv,2040,960,yuv420p,8
0306.yuv,0306.yuv,2040,1360,yuv420p,8
0438.yuv,0438.yuv,2040,1360,yuv420p,8
0309.yuv,0309.yuv,2040,1360,yuv420p,8
0778.yuv,0778.yuv,2040,1360,yuv420p,8
0017.yuv,0017.yuv,2040,1360,yuv420p,8
0011.yuv,0011.yuv,2040,1360,yuv420p,8
0500.yuv,0500.yuv,2040,2040,yuv420p,8
0283.yuv,0283.yuv,2040,1360,yuv420p,8
0529.yuv,0529.yuv,2040,1360,yuv420p,8
0028.yuv,0028.yuv,2040,1992,yuv420p,8
0798.yuv,0798.yuv,2040,1360,yuv420p,8
0696.yuv,0696.yuv,1360,2040,yuv420p,8
0541.yuv,0541.yuv,2040,1368,yuv420p,8
0434.yuv,0434.yuv,2040,1224,yuv420p,8
0374.yuv,0374.yuv,1632,2040,yuv420p,8
0724.yuv,0724.yuv,1360,2040,yuv420p,8
0422.yuv,0422.yuv,1360,2040,yuv420p,8
0225.yuv,0225.yuv,2040,1360,yuv420p,8
0085.yuv,0085.yuv,2040,1360,yuv420p,8
0051.yuv,0051.yuv,2040,1368,yuv420p,8
0634.yuv,0634.yuv,2040,1360,yuv420p,8
0390.yuv,0390.yuv,2040,1312,yuv420p,8
0348.yuv,0348.yuv,2040,1264,yuv420p,8
0231.yuv,0231.yuv,2040,1360,yuv420p,8
0090.yuv,0090.yuv,2040,1360,yuv420p,8
0241.yuv,0241.yuv,2040,1360,yuv420p,8
0282.yuv,0282.yuv,2040,1360,yuv420p,8
0100.yuv,0100.yuv,2040,1360,yuv420p,8
0080.yuv,0080.yuv,2040,1336,yuv420p,8
0572.yuv,0572.yuv,2040,1360,yuv420p,8
0213.yuv,0213.yuv,2040,1360,yuv420p,8
0288.yuv,0288.yuv,2040,1360,yuv420p,8
0516.yuv,0516.yuv,2040,1536,yuv420p,8
0242.yuv,0242.yuv,2040,1360,yuv420p,8
0709.yuv,0709.yuv,2040,1360,yuv420p,8
0583.yuv,0583.yuv,2040,1192,yuv420p,8
0142.yuv,0142.yuv,2040,1360,yuv420p,8
0618.yuv,0618.yuv,2040,1360,yuv420p,8
0682.yuv,0682.yuv,2040,1368,yuv420p,8
0619.yuv,0619.yuv,2040,1528,yuv420p,8
0376.yuv,0376.yuv,2040,1360,yuv420p,8
0052.yuv,0052.yuv,2040,1360,yuv420p,8
0595.yuv,0595.yuv,2040,1432,yuv420p,8
0627.yuv,0627.yuv,2040,864,yuv420p,8
0389.yuv,0389.yuv,2040,1360,yuv420p,8
0796.yuv,0796.yuv,2040,1360,yuv420p,8
0655.yuv,0655.yuv,2040,1360,yuv420p,8
0400.yuv,0400.yuv,2040,1288,yuv420p,8
0197.yuv,0197.yuv,2040,1360,yuv420p,8
0641.yuv,0641.yuv,2040,1360,yuv420p,8
0099.yuv,0099.yuv,2040,1536,yuv420p,8
0695.yuv,0695.yuv,2040,1360,yuv420p,8
0038.yuv,0038.yuv,2040,1224,yuv420p,8
0463.yuv,0463.yuv,2040,1368,yuv420p,8
0472.yuv,0472.yuv,2040,1360,yuv420p,8
0069.yuv,0069.yuv,1248,2040,yuv420p,8
0256.yuv,0256.yuv,2040,1360,yuv420p,8
0784.yuv,0784.yuv,2040,1360,yuv420p,8
0340.yuv,0340.yuv,2040,744,yuv420p,8
0782.yuv,0782.yuv,1632,2040,yuv420p,8
0131.yuv,0131.yuv,2040,1360,yuv420p,8
0779.yuv,0779.yuv,2040,1360,yuv420p,8
0023.yuv,0023.yuv,2040,1360,yuv420p,8
0152.yuv,0152.yuv,2040,1360,yuv420p,8
0354.yuv,0354.yuv,2040,1360,yuv420p,8
0691.yuv,0691.yuv,2040,1360,yuv420p,8
0344.yuv,0344.yuv,1360,2040,yuv420p,8
0060.yuv,0060.yuv,2040,1224,yuv420p,8
0246.yuv,0246.yuv,1360,2040,yuv420p,8
0036.yuv,0036.yuv,2040,1536,yuv420p,8
0484.yuv,0484.yuv,2040,1360,yuv420p,8
0626.yuv,0626.yuv,2040,1360,yuv420p,8
0034.yuv,0034.yuv,2040,1360,yuv420p,8
0550.yuv,0550.yuv,2040,1224,yuv420p,8
0191.yuv,0191.yuv,2040,1152,yuv420p,8
0007.yuv,0007.yuv,2040,1360,yuv420p,8
0769.yuv,0769.yuv,2040,1360,yuv420p,8
0275.yuv,0275.yuv,2040,1360,yuv420p,8
0012.yuv,0012.yuv,2040,1360,yuv420p,8
0252.yuv,0252.yuv,2040,1360,yuv420p,8
0364.yuv,0364.yuv,2040,1360,yuv420p,8
0502.yuv,0502.yuv,2040,1360,yuv420p,8
0125.yuv,0125.yuv,2040,1360,yuv420p,8
0031.yuv,0031.yuv,2040,1360,yuv420p,8
0673.yuv,0673.yuv,2040,1152,yuv420p,8
0401.yuv,0401.yuv,2040,1360,yuv420p,8
0436.yuv,0436.yuv,2040,1360,yuv420p,8
0702.yuv,0702.yuv,2040,1320,yuv420p,8
0260.yuv,0260.yuv,2040,1360,yuv420p,8
0381.yuv,0381.yuv,2040,1456,yuv420p,8
0459.yuv,0459.yuv,2040,1360,yuv420p,8
0102.yuv,0102.yuv,2040,1368,yuv420p,8
0612.yuv,0612.yuv,2040,1192,yuv420p,8
0333.yuv,0333.yuv,2040,1360,yuv420p,8
0030.yuv,0030.yuv,2040,1272,yuv420p,8
0625.yuv,0625.yuv,1360,2040,yuv420p,8
0063.yuv,0063.yuv,2040,1584,yuv420p,8
0722.yuv,0722.yuv,2040,1360,yuv420p,8
0183.yuv,0183.yuv,2040,1360,yuv420p,8
0454.yuv,0454.yuv,2040,1360,yuv420p,8
0639.yuv,0639.yuv,2040,1360,yuv420p,8
0410.yuv,0410.yuv,1360,2040,yuv420p,8
0322.yuv,0322.yuv,2040,1648,yuv420p,8
0558.yuv,0558.yuv,2040,1360,yuv420p,8
0202.yuv,0202.yuv,2040,1360,yuv420p,8
0086.yuv,0086.yuv,2040,1360,yuv420p,8
0647.yuv,0647.yuv,2040,1360,yuv420p,8
0466.yuv,0466.yuv,2040,1360,yuv420p,8
0485.yuv,0485.yuv,2040,1360,yuv420p,8
0147.yuv,0147.yuv,2040,1656,yuv420p,8
0383.yuv,0383.yuv,2040,1512,yuv420p,8
0571.yuv,0571.yuv,2040,1360,yuv420p,8
0120.yuv,0120.yuv,2040,1360,yuv420p,8
0329.yuv,0329.yuv,1360,2040,yuv420p,8
0606.yuv,0606.yuv,2040,1360,yuv420p,8
0164.yuv,0164.yuv,2040,1360,yuv420p,8
0692.yuv,0692.yuv,2040,1360,yuv420p,8
0089.yuv,0089.yuv,1536,2040,yuv420p,8
0158.yuv,0158.yuv,2040,1224,yuv420p,8
0020.yuv,0020.yuv,2040,1392,yuv420p,8
0135.yuv,0135.yuv,2040,1344,yuv420p,8
0211.yuv,0211.yuv,2040,1360,yuv420p,8
0054.yuv,0054.yuv,2040,1336,yuv420p,8
0679.yuv,0679.yuv,2040,1464,yuv420p,8
0535.yuv,0535.yuv,2040,1288,yuv420p,8
0316.yuv,0316.yuv,2040,1336,yuv420p,8
0467.yuv,0467.yuv,1360,2040,yuv420p,8
0300.yuv,0300.yuv,2040,1320,yuv420p,8
0305.yuv,0305.yuv,2040,1360,yuv420p,8
0212.yuv,0212.yuv,2040,1536,yuv420p,8
0479.yuv,0479.yuv,2040,1360,yuv420p,8
0412.yuv,0412.yuv,2040,1360,yuv420p,8
0630.yuv,0630.yuv,2040,1360,yuv420p,8
0465.yuv,0465.yuv,2040,1152,yuv420p,8
0287.yuv,0287.yuv,2040,1360,yuv420p,8
0742.yuv,0742.yuv,2040,1360,yuv420p,8
0130.yuv,0130.yuv,2040,1360,yuv420p,8
0098.yuv,0098.yuv,2040,1536,yuv420p,8
0254.yuv,0254.yuv,2040,1360,yuv420p,8
0613.yuv,0613.yuv,2040,1584,yuv420p,8
0073.yuv,0073.yuv,2040,1144,yuv420p,8
0403.yuv,0403.yuv,2040,1360,yuv420p,8
0208.yuv,0208.yuv,2040,1360,yuv420p,8
0016.yuv,0016.yuv,2040,1360,yuv420p,8
0399.yuv,0399.yuv,1360,2040,yuv420p,8
0428.yuv,0428.yuv,2040,1360,yuv420p,8
0640.yuv,0640.yuv,2040,1360,yuv420p,8
0067.yuv,0067.yuv,2040,1320,yuv420p,8
0468.yuv,0468.yuv,2040,1360,yuv420p,8
0590.yuv,0590.yuv,1360,2040,yuv420p,8
0187.yuv,0187.yuv,2040,1360,yuv420p,8
0109.yuv,0109.yuv,2040,1360,yuv420p,8
0662.yuv,0662.yuv,2040,1360,yuv420p,8
0464.yuv,0464.yuv,2040,1360,yuv420p,8
0417.yuv,0417.yuv,2040,1360,yuv420p,8
0190.yuv,0190.yuv,2040,1360,yuv420p,8
0189.yuv,0189.yuv,2040,1360,yuv420p,8
0653.yuv,0653.yuv,2040,1584,yuv420p,8
0386.yuv,0386.yuv,2040,1360,yuv420p,8
0328.yuv,0328.yuv,2040,1360,yuv420p,8
0331.yuv,0331.yuv,1360,2040,yuv420p,8
0774.yuv,0774.yuv,2040,1360,yuv420p,8
0600.yuv,0600.yuv,2040,1536,yuv420p,8
0232.yuv,0232.yuv,2040,1360,yuv420p,8
0172.yuv,0172.yuv,2040,1264,yuv420p,8
0295.yuv,0295.yuv,2040,1360,yuv420p,8
0791.yuv,0791.yuv,2040,1360,yuv420p,8
0195.yuv,0195.yuv,2040,1360,yuv420p,8
0756.yuv,0756.yuv,2040,1360,yuv420p,8
0373.yuv,0373.yuv,1360,2040,yuv420p,8
0035.yuv,0035.yuv,2040,1360,yuv420p,8
0286.yuv,0286.yuv,2040,1536,yuv420p,8
0755.yuv,0755.yuv,2040,1360,yuv420p,8
0494.yuv,0494.yuv,2040,1360,yuv420p,8
0663.yuv,0663.yuv,2040,1360,yuv420p,8
0694.yuv,0694.yuv,1360,2040,yuv420p,8
0588.yuv,0588.yuv,2040,1360,yuv420p,8
0093.yuv,0093.yuv,2040,1368,yuv420p,8
0393.yuv,0393.yuv,2040,1360,yuv420p,8
0697.yuv,0697.yuv,2040,1360,yuv420p,8
0078.yuv,0078.yuv,2040,1360,yuv420p,8
0270.yuv,0270.yuv,2040,1360,yuv420p,8
0380.yuv,0380.yuv,2040,1272,yuv420p,8
0188.yuv,0188.yuv,2040,1552,yuv420p,8
0070.yuv,0070.yuv,2040,1360,yuv420p,8
0656.yuv,0656.yuv,2040,1320,yuv420p,8
0115.yuv,0115.yuv,2040,1536,yuv420p,8
0001.yuv,0001.yuv,2040,1408,yuv420p,8
0303.yuv,0303.yuv,2040,1360,yuv420p,8
0281.yuv,0281.yuv,2040,1152,yuv420p,8
0453.yuv,0453.yuv,2040,1536,yuv420p,8
0163.yuv,0163.yuv,2040,1360,yuv420p,8
0222.yuv,0222.yuv,2040,1168,yuv420p,8
0579.yuv,0579.yuv,2040,1152,yuv420p,8
0201.yuv,0201.yuv,2040,1536,yuv420p,8
0753.yuv,0753.yuv,2040,1536,yuv420p,8
0129.yuv,0129.yuv,2040,1360,yuv420p,8
0792.yuv,0792.yuv,2040,1360,yuv420p,8
0226.yuv,0226.yuv,2040,1360,yuv420p,8
0480.yuv,0480.yuv,2040,1360,yuv420p,8
0648.yuv,0648.yuv,2040,1360,yuv420p,8
0478.yuv,0478.yuv,2040,1360,yuv420p,8
0617.yuv,0617.yuv,2040,1360,yuv420p,8
0037.yuv,0037.yuv,2040,1360,yuv420p,8
0042.yuv,0042.yuv,2040,1360,yuv420p,8
0690.yuv,0690.yuv,1360,2040,yuv420p,8
0636.yuv,0636.yuv,2040,1360,yuv420p,8
0409.yuv,0409.yuv,2040,1368,yuv420p,8
0462.yuv,0462.yuv,2040,1360,yuv420p,8
0229.yuv,0229.yuv,2040,1296,yuv420p,8
0267.yuv,0267.yuv,2040,1360,yuv420p,8
0680.yuv,0680.yuv,2040,1216,yuv420p,8
0616.yuv,0616.yuv,2040,1368,yuv420p,8
0705.yuv,0705.yuv,2040,1360,yuv420p,8
0661.yuv,0661.yuv,2040,1296,yuv420p,8
0631.yuv,0631.yuv,2040,1360,yuv420p,8
0511.yuv,0511.yuv,2040,1152,yuv420p,8
0081.yuv,0081.yuv,2040,1360,yuv420p,8
0113.yuv,0113.yuv,2040,1368,yuv420p,8
0040.yuv,0040.yuv,2040,1360,yuv420p,8
0566.yuv,0566.yuv,2040,1368,yuv420p,8
0169.yuv,0169.yuv,2040,1360,yuv420p,8
0622.yuv,0622.yuv,2040,1456,yuv420p,8
0110.yuv,0110.yuv,2040,1360,yuv420p,8
0108.yuv,0108.yuv,2040,1536,yuv420p,8
0066.yuv,0066.yuv,2040,1360,yuv420p,8
0296.yuv,0296.yuv,2040,1360,yuv420p,8
0667.yuv,0667.yuv,2040,1360,yuv420p,8
0491.yuv,0491.yuv,2040,1368,yuv420p,8
0432.yuv,0432.yuv,2040,1360,yuv420p,8
0573.yuv,0573.yuv,2040,1360,yuv420p,8
0748.yuv,0748.yuv,2040,1536,yuv420p,8
0536.yuv,0536.yuv,2040,1360,yuv420p,8
0584.yuv,0584.yuv,2040,1360,yuv420p,8
0126.yuv,0126.yuv,2040,1464,yuv420p,8
0259.yuv,0259.yuv,2040,1296,yuv420p,8
0565.yuv,0565.yuv,1360,2040,yuv420p,8
0335.yuv,0335.yuv,2040,1272,yuv420p,8
0632.yuv,0632.yuv,2040,1360,yuv420p,8
0318.yuv,0318.yuv,2040,1360,yuv420p,8
0549.yuv,0549.yuv,2040,1360,yuv420p,8
0139.yuv,0139.yuv,2040,952,yuv420p,8
0675.yuv,0675.yuv,2040,1360,yuv420p,8
0274.yuv,0274.yuv,2040,1360,yuv420p,8
0564.yuv,0564.yuv,2040,1608,yuv420p,8
0486.yuv,0486.yuv,2040,1536,yuv420p,8
0146.yuv,0146.yuv,2040,1360,yuv420p,8
0136.yuv,0136.yuv,2040,1360,yuv420p,8
0008.yuv,0008.yuv,2040,1360,yuv420p,8
0666.yuv,0666.yuv,1480,2040,yuv420p,8
0119.yuv,0119.yuv,1360,2040,yuv420p,8
0243.yuv,0243.yuv,2040,784,yuv420p,8
0337.yuv,0337.yuv,1632,2040,yuv420p,8
0339.yuv,0339.yuv,2040,1360,yuv420p,8
0332.yuv,0332.yuv,2040,1224,yuv420p,8
0192.yuv,0192.yuv,2040,1456,yuv420p,8
0105.yuv,0105.yuv,2040,1296,yuv420p,8
0313.yuv,0313.yuv,1360,2040,yuv420p,8
0451.yuv,0451.yuv,1360,2040,yuv420p,8
0019.yuv,0019.yuv,2040,1536,yuv420p,8
0587.yuv,0587.yuv,2040,1368,yuv420p,8
0200.yuv,0200.yuv,2040,1360,yuv420p,8
0239.yuv,0239.yuv,2040,1152,yuv420p,8
0148.yuv,0148.yuv,2040,1360,yuv420p,8
0594.yuv,0594.yuv,2040,1360,yuv420p,8
0668.yuv,0668.yuv,2040,1360,yuv420p,8
0624.yuv,0624.yuv,1360,2040,yuv420p,8
0325.yuv,0325.yuv,2040,1360,yuv420p,8
0752.yuv,0752.yuv,1176,2040,yuv420p,8
0261.yuv,0261.yuv,2040,1360,yuv420p,8
0693.yuv,0693.yuv,2040,1536,yuv420p,8
0591.yuv,0591.yuv,2040,1216,yuv420p,8
0747.yuv,0747.yuv,2040,1464,yuv420p,8
0276.yuv,0276.yuv,2040,1360,yuv420p,8
0761.yuv,0761.yuv,2040,1440,yuv420p,8
0395.yuv,0395.yuv,2040,1360,yuv420p,8
0716.yuv,0716.yuv,2040,2040,yuv420p,8
0770.yuv,0770.yuv,2040,1360,yuv420p,8
0101.yuv,0101.yuv,2040,1512,yuv420p,8
0257.yuv,0257.yuv,2040,1360,yuv420p,8
0157.yuv,0157.yuv,2040,1360,yuv420p,8
0391.yuv,0391.yuv,2040,1360,yuv420p,8
0150.yuv,0150.yuv,1168,2040,yuv420p,8
0138.yuv,0138.yuv,2040,1360,yuv420p,8
0247.yuv,0247.yuv,2040,1360,yuv420p,8
0182.yuv,0182.yuv,2040,1248,yuv420p,8
0790.yuv,0790.yuv,2040,1360,yuv420p,8
0112.yuv,0112.yuv,1360,2040,yuv420p,8
0574.yuv,0574.yuv,2040,1336,yuv420p,8
0789.yuv,0789.yuv,2040,1264,yuv420p,8
0107.yuv,0107.yuv,2040,1360,yuv420p,8
0205.yuv,0205.yuv,2040,856,yuv420p,8
0498.yuv,0498.yuv,2040,1360,yuv420p,8
0334.yuv,0334.yuv,2040,1360,yuv420p,8
0530.yuv,0530.yuv,2040,1360,yuv420p,8
0143.yuv,0143.yuv,2040,1360,yuv420p,8
0726.yuv,0726.yuv,2040,1152,yuv420p,8
0781.yuv,0781.yuv,2040,1360,yuv420p,8
0735.yuv,0735.yuv,2040,1536,yuv420p,8
0461.yuv,0461.yuv,1440,2040,yuv420p,8
0763.yuv,0763.yuv,2040,1536,yuv420p,8
0419.yuv,0419.yuv,2040,1536,yuv420p,8
0621.yuv,0621.yuv,2040,1360,yuv420p,8
0193.yuv,0193.yuv,2040,1360,yuv420p,8
0773.yuv,0773.yuv,2040,1360,yuv420p,8
0151.yuv,0151.yuv,2040,1360,yuv420p,8
0064.yuv,0064.yuv,2040,1360,yuv420p,8
0523.yuv,0523.yuv,2040,888,yuv420p,8
0623.yuv,0623.yuv,2040,1360,yuv420p,8
0346.yuv,0346.yuv,2040,1360,yuv420p,8
0299.yuv,0299.yuv,2040,1392,yuv420p,8
0161.yuv,0161.yuv,2040,1264,yuv420p,8
0269.yuv,0269.yuv,2040,1632,yuv420p,8
0512.yuv,0512.yuv,2040,1456,yuv420p,8
0599.yuv,0599.yuv,2040,1360,yuv420p,8
0072.yuv,0072.yuv,2040,1360,yuv420p,8
0754.yuv,0754.yuv,2040,1360,yuv420p,8
0194.yuv,0194.yuv,2040,1360,yuv420p,8
0615.yuv,0615.yuv,1360,2040,yuv420p,8
0096.yuv,0096.yuv,2040,1360,yuv420p,8
0446.yuv,0446.yuv,2040,1360,yuv420p,8
0444.yuv,0444.yuv,2040,1360,yuv420p,8
0700.yuv,0700.yuv,2040,1728,yuv420p,8
0220.yuv,0220.yuv,2040,1360,yuv420p,8
0645.yuv,0645.yuv,2040,1360,yuv420p,8
0429.yuv,0429.yuv,2040,1536,yuv420p,8
0551.yuv,0551.yuv,2040,1360,yuv420p,8
0293.yuv,0293.yuv,2040,1152,yuv420p,8
0740.yuv,0740.yuv,2040,1360,yuv420p,8
0137.yuv,0137.yuv,2040,1336,yuv420p,8
0488.yuv,0488.yuv,1360,2040,yuv420p,8
0199.yuv,0199.yuv,2040,1552,yuv420p,8
0678.yuv,0678.yuv,2040,1456,yuv420p,8
0216.yuv,0216.yuv,2040,1632,yuv420p,8
0657.yuv,0657.yuv,2040,1536,yuv420p,8
0723.yuv,0723.yuv,2040,1360,yuv420p,8
0783.yuv,0783.yuv,2040,1368,yuv420p,8
0227.yuv,0227.yuv,1360,2040,yuv420p,8
0470.yuv,0470.yuv,2040,1360,yuv420p,8
0477.yuv,0477.yuv,2040,1360,yuv420p,8
0557.yuv,0557.yuv,2040,1152,yuv420p,8
0525.yuv,0525.yuv,2040,1360,yuv420p,8
0319.yuv,0319.yuv,2040,1360,yuv420p,8
0750.yuv,0750.yuv,2040,1360,yuv420p,8
0355.yuv,0355.yuv,2040,1360,yuv420p,8
0456.yuv,0456.yuv,2040,1360,yuv420p,8
0676.yuv,0676.yuv,2040,1344,yuv420p,8
0264.yuv,0264.yuv,2040,1360,yuv420p,8
0684.yuv,0684.yuv,2040,1360,yuv420p,8
0356.yuv,0356.yuv,2040,1272,yuv420p,8
0048.yuv,0048.yuv,2040,1360,yuv420p,8
0118.yuv,0118.yuv,2040,1488,yuv420p,8
0368.yuv,0368.yuv,2040,1360,yuv420p,8
0144.yuv,0144.yuv,2040,1360,yuv420p,8
0469.yuv,0469.yuv,1360,2040,yuv420p,8
0635.yuv,0635.yuv,2040,1368,yuv420p,8
0116.yuv,0116.yuv,2040,1360,yuv420p,8
0366.yuv,0366.yuv,2040,1360,yuv420p,8
0055.yuv,0055.yuv,2040,1152,yuv420p,8
0741.yuv,0741.yuv,1320,2040,yuv420p,8
0223.yuv,0223.yuv,2040,1360,yuv420p,8
0061.yuv,0061.yuv,1288,2040,yuv420p,8
0279.yuv,0279.yuv,2040,1360,yuv420p,8
0320.yuv,0320.yuv,2040,1360,yuv420p,8
0235.yuv,0235.yuv,2040,1360,yuv420p,8
0044.yuv,0044.yuv,2040,2040,yuv420p,8
0581.yuv,0581.yuv,2040,1072,yuv420p,8
0341.yuv,0341.yuv,2040,1440,yuv420p,8
0250.yuv,0250.yuv,2040,1360,yuv420p,8
0323.yuv,0323.yuv,2040,1360,yuv420p,8
0713.yuv,0713.yuv,2040,1344,yuv420p,8
0345.yuv,0345.yuv,2040,1360,yuv420p,8
0547.yuv,0547.yuv,2040,1152,yuv420p,8
0652.yuv,0652.yuv,2040,1360,yuv420p,8
0367.yuv,0367.yuv,2040,1360,yuv420p,8
0727.yuv,0727.yuv,2040,1360,yuv420p,8
0592.yuv,0592.yuv,2040,1360,yuv420p,8
0025.yuv,0025.yuv,1144,2040,yuv420p,8
0009.yuv,0009.yuv,2040,1528,yuv420p,8
0561.yuv,0561.yuv,2040,1176,yuv420p,8
0431.yuv,0431.yuv,2040,1360,yuv420p,8
0278.yuv,0278.yuv,1360,2040,yuv420p,8
0893.yuv,0893.yuv,2040,1360,yuv420p,8
0839.yuv,0839.yuv,2040,1360,yuv420p,8
0805.yuv,0805.yuv,2040,1536,yuv420p,8
0819.yuv,0819.yuv,2040,1360,yuv420p,8
0838.yuv,0838.yuv,2040,1360,yuv420p,8
0834.yuv,0834.yuv,2040,1360,yuv420p,8
0877.yuv,0877.yuv,2040,1152,yuv420p,8
0884.yuv,0884.yuv,2040,1360,yuv420p,8
0892.yuv,0892.yuv,2040,1288,yuv420p,8
0804.yuv,0804.yuv,2040,1200,yuv420p,8
0866.yuv,0866.yuv,1360,2040,yuv420p,8
0818.yuv,0818.yuv,2040,1536,yuv420p,8
0886.yuv,0886.yuv,2040,1360,yuv420p,8
0879.yuv,0879.yuv,2040,1872,yuv420p,8
0883.yuv,0883.yuv,2040,1384,yuv420p,8
0833.yuv,0833.yuv,2040,1552,yuv420p,8
0851.yuv,0851.yuv,2040,1344,yuv420p,8
0857.yuv,0857.yuv,2040,1416,yuv420p,8
0827.yuv,0827.yuv,2040,1536,yuv420p,8
0862.yuv,0862.yuv,2040,1360,yuv420p,8
0900.yuv,0900.yuv,2040,1152,yuv420p,8
0812.yuv,0812.yuv,2040,1536,yuv420p,8
0811.yuv,0811.yuv,2040,1360,yuv420p,8
0823.yuv,0823.yuv,2040,1288,yuv420p,8
0878.yuv,0878.yuv,2040,1744,yuv420p,8
0868.yuv,0868.yuv,2040,1360,yuv420p,8
0861.yuv,0861.yuv,2040,1360,yuv420p,8
0845.yuv,0845.yuv,2040,1360,yuv420p,8
0809.yuv,0809.yuv,2040,1360,yuv420p,8
0852.yuv,0852.yuv,2040,1152,yuv420p,8
0835.yuv,0835.yuv,1624,2040,yuv420p,8
0847.yuv,0847.yuv,1360,2040,yuv420p,8
0820.yuv,0820.yuv,2040,1360,yuv420p,8
0871.yuv,0871.yuv,2040,1360,yuv420p,8
0846.yuv,0846.yuv,2040,1368,yuv420p,8
0829.yuv,0829.yuv,2040,1360,yuv420p,8
0870.yuv,0870.yuv,2040,1576,yuv420p,8
0825.yuv,0825.yuv,2040,1360,yuv420p,8
0840.yuv,0840.yuv,2040,1360,yuv420p,8
0860.yuv,0860.yuv,2040,1536,yuv420p,8
0875.yuv,0875.yuv,2040,1536,yuv420p,8
0895.yuv,0895.yuv,2040,1288,yuv420p,8
0888.yuv,0888.yuv,2040,1360,yuv420p,8
0848.yuv,0848.yuv,2040,1536,yuv420p,8
0826.yuv,0826.yuv,2040,1536,yuv420p,8
0899.yuv,0899.yuv,2040,1360,yuv420p,8
0872.yuv,0872.yuv,2040,1360,yuv420p,8
0832.yuv,0832.yuv,2040,1360,yuv420p,8
0863.yuv,0863.yuv,1504,2040,yuv420p,8
0810.yuv,0810.yuv,2040,1536,yuv420p,8
0802.yuv,0802.yuv,2040,1360,yuv420p,8
0859.yuv,0859.yuv,2040,1360,yuv420p,8
0844.yuv,0844.yuv,1360,2040,yuv420p,8
0897.yuv,0897.yuv,2040,1368,yuv420p,8
0898.yuv,0898.yuv,2040,1360,yuv420p,8
0887.yuv,0887.yuv,2040,1360,yuv420p,8
0865.yuv,0865.yuv,2040,1536,yuv420p,8
0869.yuv,0869.yuv,1360,2040,yuv420p,8
0881.yuv,0881.yuv,2040,1264,yuv420p,8
0831.yuv,0831.yuv,2040,1360,yuv420p,8
0801.yuv,0801.yuv,2040,1360,yuv420p,8
0890.yuv,0890.yuv,2040,1368,yuv420p,8
0894.yuv,0894.yuv,1360,2040,yuv420p,8
0864.yuv,0864.yuv,2040,1360,yuv420p,8
0873.yuv,0873.yuv,2040,1360,yuv420p,8
0817.yuv,0817.yuv,2040,1536,yuv420p,8
0882.yuv,0882.yuv,2040,1360,yuv420p,8
0803.yuv,0803.yuv,2040,1536,yuv420p,8
0842.yuv,0842.yuv,2040,1360,yuv420p,8
0815.yuv,0815.yuv,2040,1360,yuv420p,8
0858.yuv,0858.yuv,2040,1360,yuv420p,8
0830.yuv,0830.yuv,2040,816,yuv420p,8
0841.yuv,0841.yuv,2040,1360,yuv420p,8
0874.yuv,0874.yuv,2040,1360,yuv420p,8
0824.yuv,0824.yuv,2040,1360,yuv420p,8
0849.yuv,0849.yuv,2040,1360,yuv420p,8
0867.yuv,0867.yuv,1360,2040,yuv420p,8
0814.yuv,0814.yuv,2040,1360,yuv420p,8
0876.yuv,0876.yuv,2040,1360,yuv420p,8
0843.yuv,0843.yuv,2040,1360,yuv420p,8
0850.yuv,0850.yuv,2040,1360,yuv420p,8
0855.yuv,0855.yuv,2040,2040,yuv420p,8
0822.yuv,0822.yuv,2040,1600,yuv420p,8
0880.yuv,0880.yuv,1360,2040,yuv420p,8
0856.yuv,0856.yuv,2040,1360,yuv420p,8
0837.yuv,0837.yuv,2040,1360,yuv420p,8
0885.yuv,0885.yuv,2040,1360,yuv420p,8
0896.yuv,0896.yuv,2040,1360,yuv420p,8
0821.yuv,0821.yuv,2040,1360,yuv420p,8
0816.yuv,0816.yuv,2040,1360,yuv420p,8
0813.yuv,0813.yuv,2040,1464,yuv420p,8
0808.yuv,0808.yuv,2040,1360,yuv420p,8
0854.yuv,0854.yuv,2040,1072,yuv420p,8
0853.yuv,0853.yuv,2040,1360,yuv420p,8
0891.yuv,0891.yuv,1672,2040,yuv420p,8
0836.yuv,0836.yuv,2040,1536,yuv420p,8
0807.yuv,0807.yuv,2040,1128,yuv420p,8
0828.yuv,0828.yuv,2040,1360,yuv420p,8
0889.yuv,0889.yuv,2040,1360,yuv420p,8
0806.yuv,0806.yuv,2040,1360,yuv420p,8
